Option First Avail Date,Option Expiration Date (CT),Option Product,Option Symbol,Underlying Symbol,Underlying Expiration Date (CT),Original,Bloomberg_Call,Bloomberg_Put,CME,XCME
7/7/2025,7/21/2025 14:00,10-Year Treasury Note Monday Weekly Options - Week 3,VY3N5,ZNU5,9/19/2025 12:01,VY3N5 C11100,VBYN25C3,VBYN25P3,VY3N5,XCME.VY3.21JUL25
7/8/2025,7/22/2025 14:00,10-Year Treasury Note Tuesday Weekly Options - Week 4,GY4N5,ZNU5,9/19/2025 12:01,GY4N5 C11100,TJPN25C4,TJPN25P4,GY4N5,XCME.GY4.22JUL25
7/9/2025,7/23/2025 14:00,10-Year Treasury Note Wednesday Weekly Options Wk 4,WY4N5,ZNU5,9/19/2025 12:01,WY4N5 C11100,TYWN25C4,TYWN25P4,WY4N5,XCME.WY4.23JUL25
7/10/2025,7/24/2025 14:00,10-Year Treasury Note Thursday Weekly Options - Week 4,HY4N5,ZNU5,9/19/2025 12:01,HY4N5 C11100,TJWN25C4,TJWN25P4,HY4N5,XCME.HY4.24JUL25
3/21/2025,7/25/2025 16:00,10-Year T-Note Options,OZNQ5,ZNU5,9/19/2025 12:01,OZNQ5 C11100,TYQ5C,TYQ5C,OZNQ5,XCME.OZN.AUG25
7/14/2025,7/28/2025 14:00,10-Year Treasury Note Monday Weekly Options - Week 4,VY4N5,ZNU5,9/19/2025 12:01,VY4N5 C11100,VBYN25C4,VBYN25P4,VY4N5,XCME.VY4.28JUL25
7/15/2025,7/29/2025 14:00,10-Year Treasury Note Tuesday Weekly Options - Week 5,GY5N5,ZNU5,9/19/2025 12:01,GY5N5 C11100,TJPN25C5,TJPN25P5,GY5N5,XCME.GY5.29JUL25
7/16/2025,7/30/2025 14:00,10-Year Treasury Note Wednesday Weekly Options Wk 5,WY5N5,ZNU5,9/19/2025 12:01,WY5N5 C11100,TYWN25C5,TYWN25P5,WY5N5,XCME.WY5.30JUL25
7/17/2025,7/31/2025 14:00,10-Year Treasury Note Thursday Weekly Options - Week 5,HY5N5,ZNU5,9/19/2025 12:01,HY5N5 C11100,TJWN25C5,TJWN25P5,HY5N5,XCME.HY5.31JUL25
7/3/2025,8/1/2025 16:00,10-Year T-Note Weekly Options Wk 1,ZN1Q5,ZNU5,9/19/2025 12:01,ZN1Q5 C11100,1MQ5C,1MQ5P,ZN1Q5,XCME.ZN1.01AUG25
7/22/2025,8/4/2025 14:00,10-Year Treasury Note Monday Weekly Options - Week 1,VY1Q5,ZNU5,9/19/2025 12:01,VY1Q5 C11100,VBYQ25C1,VBYQ25P1,VY1Q5,XCME.VY1.04AUG25
7/23/2025,8/5/2025 14:00,10-Year Treasury Note Tuesday Weekly Options - Week 1,GY1Q5,ZNU5,9/19/2025 12:01,GY1Q5 C11100,TJPQ25C1,TJPQ25P1,GY1Q5,XCME.GY1.05AUG25
7/24/2025,8/6/2025 14:00,10-Year Treasury Note Wednesday Weekly Options Wk 1,WY1Q5,ZNU5,9/19/2025 12:01,WY1Q5 C11100,TYWQ25C1,TYWQ25P1,WY1Q5,XCME.WY1.06AUG25
7/11/2025,8/8/2025 16:00,10-Year T-Note Weekly Options Wk 2,ZN2Q5,ZNU5,9/19/2025 12:01,ZN2Q5 C11100,2MQ5C,2MQ5P,ZN2Q5,XCME.ZN2.08AUG25
7/29/2025,8/11/2025 14:00,10-Year Treasury Note Monday Weekly Options - Week 2,VY2Q5,ZNU5,9/19/2025 12:01,VY2Q5 C11100,VBYQ25C2,VBYQ25P2,VY2Q5,XCME.VY2.11AUG25
7/30/2025,8/12/2025 14:00,10-Year Treasury Note Tuesday Weekly Options - Week 2,GY2Q5,ZNU5,9/19/2025 12:01,GY2Q5 C11100,TJPQ25C2,TJPQ25P2,GY2Q5,XCME.GY2.12AUG25
7/31/2025,8/13/2025 14:00,10-Year Treasury Note Wednesday Weekly Options Wk 2,WY2Q5,ZNU5,9/19/2025 12:01,WY2Q5 C11100,TYWQ25C2,TYWQ25P2,WY2Q5,XCME.WY2.13AUG25
8/1/2025,8/14/2025 14:00,10-Year Treasury Note Thursday Weekly Options - Week 2,HY2Q5,ZNU5,9/19/2025 12:01,HY2Q5 C11100,TJWQ25C2,TJWQ25P2,HY2Q5,XCME.HY2.14AUG25
7/21/2025,8/15/2025 17:00,10-Year T-Note Weekly Options Wk 3,ZN3Q5,ZNU5,9/19/2025 12:01,ZN3Q5 C11100,3MQ5C,3MQ5P,ZN3Q5,XCME.ZN3.15AUG25
8/5/2025,8/18/2025 14:00,10-Year Treasury Note Monday Weekly Options - Week 3,VY3Q5,ZNU5,9/19/2025 12:01,VY3Q5 C11100,VBYQ25C3,VBYQ25P3,VY3Q5,XCME.VY3.18AUG25
7/16/2025,8/19/2025 14:00,10-Year Treasury Note Tuesday Weekly Options - Week 3,GY3Q5,ZNU5,9/19/2025 12:01,GY3Q5 C11100,TJPQ25C3,TJPQ25P3,GY3Q5,XCME.GY3.19AUG25
8/7/2025,8/20/2025 14:00,10-Year Treasury Note Wednesday Weekly Options Wk 3,WY3Q5,ZNU5,9/19/2025 12:01,WY3Q5 C11100,TYWQ25C3,TYWQ25P3,WY3Q5,XCME.WY3.20AUG25
7/18/2025,8/21/2025 14:00,10-Year Treasury Note Thursday Weekly Options - Week 3,HY3Q5,ZNU5,9/19/2025 12:01,HY3Q5 C11100,TJWQ25C3,TJWQ25P3,HY3Q5,XCME.HY3.21AUG25
12/19/2024,8/22/2025 16:00,10-Year T-Note Options,OZNU5,ZNU5,9/19/2025 12:01,OZNU5 C11100,TYU5C,TYU5C,OZNU5,XCME.OZN.SEP25
8/12/2025,8/25/2025 14:00,10-Year Treasury Note Monday Weekly Options - Week 4,VY4Q5,ZNZ5,12/19/2025 12:01,VY4Q5 C11100,VBYQ25C4,VBYQ25P4,VY4Q5,XCME.VY4.25AUG25
7/23/2025,8/26/2025 14:00,10-Year Treasury Note Tuesday Weekly Options - Week 4,GY4Q5,ZNZ5,12/19/2025 12:01,GY4Q5 C11100,TJPQ25C4,TJPQ25P4,GY4Q5,XCME.GY4.26AUG25
8/14/2025,8/27/2025 14:00,10-Year Treasury Note Wednesday Weekly Options Wk 4,WY4Q5,ZNZ5,12/19/2025 12:01,WY4Q5 C11100,TYWQ25C4,TYWQ25P4,WY4Q5,XCME.WY4.27AUG25
7/25/2025,8/28/2025 14:00,10-Year Treasury Note Thursday Weekly Options - Week 4,HY4Q5,ZNZ5,12/19/2025 12:01,HY4Q5 C11100,TJWQ25C4,TJWQ25P4,HY4Q5,XCME.HY4.28AUG25
8/4/2025,8/29/2025 16:00,10-Year T-Note Weekly Options Wk 5,ZN5Q5,ZNZ5,12/19/2025 12:01,ZN5Q5 C11100,5MQ5C,5MQ5P,ZN5Q5,XCME.ZN5.29AUG25
8/19/2025,9/2/2025 14:00,10-Year Treasury Note Monday Weekly Options - Week 1,VY1U5,ZNZ5,12/19/2025 12:01,VY1U5 C11100,VBYU25C1,VBYU25P1,VY1U5,XCME.VY1.01SEP25
7/30/2025,9/2/2025 14:00,10-Year Treasury Note Tuesday Weekly Options - Week 1,GY1U5,ZNZ5,12/19/2025 12:01,GY1U5 C11100,TJPU25C1,TJPU25P1,GY1U5,XCME.GY1.02SEP25
8/21/2025,9/3/2025 14:00,10-Year Treasury Note Wednesday Weekly Options Wk 1,WY1U5,ZNZ5,12/19/2025 12:01,WY1U5 C11100,TYWU25C1,TYWU25P1,WY1U5,XCME.WY1.03SEP25
8/11/2025,9/5/2025 16:00,10-Year T-Note Weekly Options Wk 1,ZN1U5,ZNZ5,12/19/2025 12:01,ZN1U5 C11100,1MU5C,1MU5P,ZN1U5,XCME.ZN1.05SEP25
8/26/2025,9/8/2025 14:00,10-Year Treasury Note Monday Weekly Options - Week 2,VY2U5,ZNZ5,12/19/2025 12:01,VY2U5 C11100,VBYU25C2,VBYU25P2,VY2U5,XCME.VY2.08SEP25
8/6/2025,9/9/2025 14:00,10-Year Treasury Note Tuesday Weekly Options - Week 2,GY2U5,ZNZ5,12/19/2025 12:01,GY2U5 C11100,TJPU25C2,TJPU25P2,GY2U5,XCME.GY2.09SEP25
8/28/2025,9/10/2025 14:00,10-Year Treasury Note Wednesday Weekly Options Wk 2,WY2U5,ZNZ5,12/19/2025 12:01,WY2U5 C11100,TYWU25C2,TYWU25P2,WY2U5,XCME.WY2.10SEP25
8/8/2025,9/11/2025 14:00,10-Year Treasury Note Thursday Weekly Options - Week 2,HY2U5,ZNZ5,12/19/2025 12:01,HY2U5 C11100,TJWU25C2,TJWU25P2,HY2U5,XCME.HY2.11SEP25
8/18/2025,9/12/2025 16:00,10-Year T-Note Weekly Options Wk 2,ZN2U5,ZNZ5,12/19/2025 12:01,ZN2U5 C11100,2MU5C,2MU5P,ZN2U5,XCME.ZN2.12SEP25
9/3/2025,9/15/2025 14:00,10-Year Treasury Note Monday Weekly Options - Week 3,VY3U5,ZNZ5,12/19/2025 12:01,VY3U5 C11100,VBYU25C3,VBYU25P3,VY3U5,XCME.VY3.15SEP25
8/13/2025,9/16/2025 14:00,10-Year Treasury Note Tuesday Weekly Options - Week 3,GY3U5,ZNZ5,12/19/2025 12:01,GY3U5 C11100,TJPU25C3,TJPU25P3,GY3U5,XCME.GY3.16SEP25
9/4/2025,9/17/2025 14:00,10-Year Treasury Note Wednesday Weekly Options Wk 3,WY3U5,ZNZ5,12/19/2025 12:01,WY3U5 C11100,TYWU25C3,TYWU25P3,WY3U5,XCME.WY3.17SEP25
8/15/2025,9/18/2025 14:00,10-Year Treasury Note Thursday Weekly Options - Week 3,HY3U5,ZNZ5,12/19/2025 12:01,HY3U5 C11100,TJWU25C3,TJWU25P3,HY3U5,XCME.HY3.18SEP25
9/2/2025,9/19/2025 16:00,10-Year T-Note Weekly Options Wk 3,ZN3U5,ZNZ5,12/19/2025 12:01,ZN3U5 C11100,3MU5C,3MU5P,ZN3U5,XCME.ZN3.19SEP25
9/9/2025,9/22/2025 14:00,10-Year Treasury Note Monday Weekly Options - Week 4,VY4U5,ZNZ5,12/19/2025 12:01,VY4U5 C11100,VBYU25C4,VBYU25P4,VY4U5,XCME.VY4.22SEP25
8/20/2025,9/23/2025 14:00,10-Year Treasury Note Tuesday Weekly Options - Week 4,GY4U5,ZNZ5,12/19/2025 12:01,GY4U5 C11100,TJPU25C4,TJPU25P4,GY4U5,XCME.GY4.23SEP25
9/11/2025,9/24/2025 14:00,10-Year Treasury Note Wednesday Weekly Options Wk 4,WY4U5,ZNZ5,12/19/2025 12:01,WY4U5 C11100,TYWU25C4,TYWU25P4,WY4U5,XCME.WY4.24SEP25
8/22/2025,9/25/2025 14:00,10-Year Treasury Note Thursday Weekly Options - Week 4,HY4U5,ZNZ5,12/19/2025 12:01,HY4U5 C11100,TJWU25C4,TJWU25P4,HY4U5,XCME.HY4.25SEP25
4/25/2025,9/26/2025 16:00,10-Year T-Note Options,OZNV5,ZNZ5,12/19/2025 12:01,OZNV5 C11100,TYV5C,TYV5C,OZNV5,XCME.OZN.OCT25
9/16/2025,9/29/2025 14:00,10-Year Treasury Note Monday Weekly Options - Week 5,VY5U5,ZNZ5,12/19/2025 12:01,VY5U5 C11100,VBYU25C5,VBYU25P5,VY5U5,XCME.VY5.29SEP25
8/27/2025,9/30/2025 14:00,10-Year Treasury Note Tuesday Weekly Options - Week 5,GY5U5,ZNZ5,12/19/2025 12:01,GY5U5 C11100,TJPU25C5,TJPU25P5,GY5U5,XCME.GY5.30SEP25
9/18/2025,10/1/2025 14:00,10-Year Treasury Note Wednesday Weekly Options Wk 1,WY1V5,ZNZ5,12/19/2025 12:01,WY1V5 C11100,TYWV25C1,TYWV25P1,WY1V5,XCME.WY1.01OCT25
9/8/2025,10/3/2025 16:00,10-Year T-Note Weekly Options Wk 1,ZN1V5,ZNZ5,12/19/2025 12:01,ZN1V5 C11100,1MV5C,1MV5P,ZN1V5,XCME.ZN1.03OCT25
9/23/2025,10/6/2025 14:00,10-Year Treasury Note Monday Weekly Options - Week 1,VY1V5,ZNZ5,12/19/2025 12:01,VY1V5 C11100,VBYV25C1,VBYV25P1,VY1V5,XCME.VY1.06OCT25
9/3/2025,10/7/2025 14:00,10-Year Treasury Note Tuesday Weekly Options - Week 1,GY1V5,ZNZ5,12/19/2025 12:01,GY1V5 C11100,TJPV25C1,TJPV25P1,GY1V5,XCME.GY1.07OCT25
9/25/2025,10/8/2025 14:00,10-Year Treasury Note Wednesday Weekly Options Wk 2,WY2V5,ZNZ5,12/19/2025 12:01,WY2V5 C11100,TYWV25C2,TYWV25P2,WY2V5,XCME.WY2.08OCT25
9/5/2025,10/9/2025 14:00,10-Year Treasury Note Thursday Weekly Options - Week 2,HY2V5,ZNZ5,12/19/2025 12:01,HY2V5 C11100,TJWV25C2,TJWV25P2,HY2V5,XCME.HY2.09OCT25
9/15/2025,10/10/2025 16:00,10-Year T-Note Weekly Options Wk 2,ZN2V5,ZNZ5,12/19/2025 12:01,ZN2V5 C11100,2MV5C,2MV5P,ZN2V5,XCME.ZN2.10OCT25
9/30/2025,10/13/2025 14:00,10-Year Treasury Note Monday Weekly Options - Week 2,VY2V5,ZNZ5,12/19/2025 12:01,VY2V5 C11100,VBYV25C2,VBYV25P2,VY2V5,XCME.VY2.13OCT25
9/10/2025,10/14/2025 14:00,10-Year Treasury Note Tuesday Weekly Options - Week 2,GY2V5,ZNZ5,12/19/2025 12:01,GY2V5 C11100,TJPV25C2,TJPV25P2,GY2V5,XCME.GY2.14OCT25
10/2/2025,10/15/2025 14:00,10-Year Treasury Note Wednesday Weekly Options Wk 3,WY3V5,ZNZ5,12/19/2025 12:01,WY3V5 C11100,TYWV25C3,TYWV25P3,WY3V5,XCME.WY3.15OCT25
9/12/2025,10/16/2025 14:00,10-Year Treasury Note Thursday Weekly Options - Week 3,HY3V5,ZNZ5,12/19/2025 12:01,HY3V5 C11100,TJWV25C3,TJWV25P3,HY3V5,XCME.HY3.16OCT25
9/22/2025,10/17/2025 16:00,10-Year T-Note Weekly Options Wk 3,ZN3V5,ZNZ5,12/19/2025 12:01,ZN3V5 C11100,3MV5C,3MV5P,ZN3V5,XCME.ZN3.17OCT25
10/7/2025,10/20/2025 14:00,10-Year Treasury Note Monday Weekly Options - Week 3,VY3V5,ZNZ5,12/19/2025 12:01,VY3V5 C11100,VBYV25C3,VBYV25P3,VY3V5,XCME.VY3.20OCT25
9/17/2025,10/21/2025 14:00,10-Year Treasury Note Tuesday Weekly Options - Week 3,GY3V5,ZNZ5,12/19/2025 12:01,GY3V5 C11100,TJPV25C3,TJPV25P3,GY3V5,XCME.GY3.21OCT25
10/9/2025,10/22/2025 14:00,10-Year Treasury Note Wednesday Weekly Options Wk 4,WY4V5,ZNZ5,12/19/2025 12:01,WY4V5 C11100,TYWV25C4,TYWV25P4,WY4V5,XCME.WY4.22OCT25
9/19/2025,10/23/2025 14:00,10-Year Treasury Note Thursday Weekly Options - Week 4,HY4V5,ZNZ5,12/19/2025 12:01,HY4V5 C11100,TJWV25C4,TJWV25P4,HY4V5,XCME.HY4.23OCT25
6/20/2025,10/24/2025 16:00,10-Year T-Note Options,OZNX5,ZNZ5,12/19/2025 12:01,OZNX5 C11100,TYX5C,TYX5C,OZNX5,XCME.OZN.NOV25
10/14/2025,10/27/2025 14:00,10-Year Treasury Note Monday Weekly Options - Week 4,VY4V5,ZNZ5,12/19/2025 12:01,VY4V5 C11100,VBYV25C4,VBYV25P4,VY4V5,XCME.VY4.27OCT25
9/24/2025,10/28/2025 14:00,10-Year Treasury Note Tuesday Weekly Options - Week 4,GY4V5,ZNZ5,12/19/2025 12:01,GY4V5 C11100,TJPV25C4,TJPV25P4,GY4V5,XCME.GY4.28OCT25
10/16/2025,10/29/2025 14:00,10-Year Treasury Note Wednesday Weekly Options Wk 5,WY5V5,ZNZ5,12/19/2025 12:01,WY5V5 C11100,TYWV25C5,TYWV25P5,WY5V5,XCME.WY5.29OCT25
9/26/2025,10/30/2025 14:00,10-Year Treasury Note Thursday Weekly Options - Week 5,HY5V5,ZNZ5,12/19/2025 12:01,HY5V5 C11100,TJWV25C5,TJWV25P5,HY5V5,XCME.HY5.30OCT25
10/6/2025,10/31/2025 16:00,10-Year T-Note Weekly Options Wk 5,ZN5V5,ZNZ5,12/19/2025 12:01,ZN5V5 C11100,5MV5C,5MV5P,ZN5V5,XCME.ZN5.31OCT25
10/21/2025,11/3/2025 13:00,10-Year Treasury Note Monday Weekly Options - Week 1,VY1X5,ZNZ5,12/19/2025 12:01,VY1X5 C11100,VBYX25C1,VBYX25P1,VY1X5,XCME.VY1.03NOV25
10/1/2025,11/4/2025 13:00,10-Year Treasury Note Tuesday Weekly Options - Week 1,GY1X5,ZNZ5,12/19/2025 12:01,GY1X5 C11100,TJPX25C1,TJPX25P1,GY1X5,XCME.GY1.04NOV25
10/23/2025,11/5/2025 13:00,10-Year Treasury Note Wednesday Weekly Options Wk 1,WY1X5,ZNZ5,12/19/2025 12:01,WY1X5 C11100,TYWX25C1,TYWX25P1,WY1X5,XCME.WY1.05NOV25
10/13/2025,11/7/2025 15:00,10-Year T-Note Weekly Options Wk 1,ZN1X5,ZNZ5,12/19/2025 12:01,ZN1X5 C11100,1MX5C,1MX5P,ZN1X5,XCME.ZN1.07NOV25
10/28/2025,11/10/2025 13:00,10-Year Treasury Note Monday Weekly Options - Week 2,VY2X5,ZNZ5,12/19/2025 12:01,VY2X5 C11100,VBYX25C2,VBYX25P2,VY2X5,XCME.VY2.10NOV25
10/8/2025,11/11/2025 13:00,10-Year Treasury Note Tuesday Weekly Options - Week 2,GY2X5,ZNZ5,12/19/2025 12:01,GY2X5 C11100,TJPX25C2,TJPX25P2,GY2X5,XCME.GY2.11NOV25
10/30/2025,11/12/2025 13:00,10-Year Treasury Note Wednesday Weekly Options Wk 2,WY2X5,ZNZ5,12/19/2025 12:01,WY2X5 C11100,TYWX25C2,TYWX25P2,WY2X5,XCME.WY2.12NOV25
10/10/2025,11/13/2025 13:00,10-Year Treasury Note Thursday Weekly Options - Week 2,HY2X5,ZNZ5,12/19/2025 12:01,HY2X5 C11100,TJWX25C2,TJWX25P2,HY2X5,XCME.HY2.13NOV25
10/20/2025,11/14/2025 15:00,10-Year T-Note Weekly Options Wk 2,ZN2X5,ZNZ5,12/19/2025 12:01,ZN2X5 C11100,2MX5C,2MX5P,ZN2X5,XCME.ZN2.14NOV25
11/4/2025,11/17/2025 13:00,10-Year Treasury Note Monday Weekly Options - Week 3,VY3X5,ZNZ5,12/19/2025 12:01,VY3X5 C11100,VBYX25C3,VBYX25P3,VY3X5,XCME.VY3.17NOV25
10/15/2025,11/18/2025 13:00,10-Year Treasury Note Tuesday Weekly Options - Week 3,GY3X5,ZNZ5,12/19/2025 12:01,GY3X5 C11100,TJPX25C3,TJPX25P3,GY3X5,XCME.GY3.18NOV25
11/6/2025,11/19/2025 13:00,10-Year Treasury Note Wednesday Weekly Options Wk 3,WY3X5,ZNZ5,12/19/2025 12:01,WY3X5 C11100,TYWX25C3,TYWX25P3,WY3X5,XCME.WY3.19NOV25
10/17/2025,11/20/2025 13:00,10-Year Treasury Note Thursday Weekly Options - Week 3,HY3X5,ZNZ5,12/19/2025 12:01,HY3X5 C11100,TJWX25C3,TJWX25P3,HY3X5,XCME.HY3.20NOV25
3/20/2025,11/21/2025 16:00,10-Year T-Note Options,OZNZ5,ZNZ5,12/19/2025 12:01,OZNZ5 C11100,TYZ5C,TYZ5C,OZNZ5,XCME.OZN.DEC25
11/11/2025,11/24/2025 13:00,10-Year Treasury Note Monday Weekly Options - Week 4,VY4X5,ZNH6,3/20/2026 12:01,VY4X5 C11100,VBYX25C4,VBYX25P4,VY4X5,XCME.VY4.24NOV25
10/22/2025,11/25/2025 13:00,10-Year Treasury Note Tuesday Weekly Options - Week 4,GY4X5,ZNH6,3/20/2026 12:01,GY4X5 C11100,TJPX25C4,TJPX25P4,GY4X5,XCME.GY4.25NOV25
11/13/2025,11/26/2025 13:00,10-Year Treasury Note Wednesday Weekly Options Wk 4,WY4X5,ZNH6,3/20/2026 12:01,WY4X5 C11100,TYWX25C4,TYWX25P4,WY4X5,XCME.WY4.26NOV25
11/3/2025,11/28/2025 15:00,10-Year T-Note Weekly Options Wk 4,ZN4X5,ZNH6,3/20/2026 12:01,ZN4X5 C11100,4MX5C,4MX5P,ZN4X5,XCME.ZN4.28NOV25
11/18/2025,12/1/2025 13:00,10-Year Treasury Note Monday Weekly Options - Week 1,VY1Z5,ZNH6,3/20/2026 12:01,VY1Z5 C11100,VBYZ25C1,VBYZ25P1,VY1Z5,XCME.VY1.01DEC25
10/29/2025,12/2/2025 13:00,10-Year Treasury Note Tuesday Weekly Options - Week 1,GY1Z5,ZNH6,3/20/2026 12:01,GY1Z5 C11100,TJPZ25C1,TJPZ25P1,GY1Z5,XCME.GY1.02DEC25
11/20/2025,12/3/2025 13:00,10-Year Treasury Note Wednesday Weekly Options Wk 1,WY1Z5,ZNH6,3/20/2026 12:01,WY1Z5 C11100,TYWZ25C1,TYWZ25P1,WY1Z5,XCME.WY1.03DEC25
11/10/2025,12/5/2025 15:00,10-Year T-Note Weekly Options Wk 1,ZN1Z5,ZNH6,3/20/2026 12:01,ZN1Z5 C11100,1MZ5C,1MZ5P,ZN1Z5,XCME.ZN1.05DEC25
11/25/2025,12/8/2025 13:00,10-Year Treasury Note Monday Weekly Options - Week 2,VY2Z5,ZNH6,3/20/2026 12:01,VY2Z5 C11100,VBYZ25C2,VBYZ25P2,VY2Z5,XCME.VY2.08DEC25
11/5/2025,12/9/2025 13:00,10-Year Treasury Note Tuesday Weekly Options - Week 2,GY2Z5,ZNH6,3/20/2026 12:01,GY2Z5 C11100,TJPZ25C2,TJPZ25P2,GY2Z5,XCME.GY2.09DEC25
11/28/2025,12/10/2025 13:00,10-Year Treasury Note Wednesday Weekly Options Wk 2,WY2Z5,ZNH6,3/20/2026 12:01,WY2Z5 C11100,TYWZ25C2,TYWZ25P2,WY2Z5,XCME.WY2.10DEC25
10/31/2025,12/11/2025 13:00,10-Year Treasury Note Thursday Weekly Options - Week 2,HY2Z5,ZNH6,3/20/2026 12:01,HY2Z5 C11100,TJWZ25C2,TJWZ25P2,HY2Z5,XCME.HY2.11DEC25
11/17/2025,12/12/2025 15:00,10-Year T-Note Weekly Options Wk 2,ZN2Z5,ZNH6,3/20/2026 12:01,ZN2Z5 C11100,2MZ5C,2MZ5P,ZN2Z5,XCME.ZN2.12DEC25
12/2/2025,12/15/2025 13:00,10-Year Treasury Note Monday Weekly Options - Week 3,VY3Z5,ZNH6,3/20/2026 12:01,VY3Z5 C11100,VBYZ25C3,VBYZ25P3,VY3Z5,XCME.VY3.15DEC25
11/12/2025,12/16/2025 13:00,10-Year Treasury Note Tuesday Weekly Options - Week 3,GY3Z5,ZNH6,3/20/2026 12:01,GY3Z5 C11100,TJPZ25C3,TJPZ25P3,GY3Z5,XCME.GY3.16DEC25
12/4/2025,12/17/2025 13:00,10-Year Treasury Note Wednesday Weekly Options Wk 3,WY3Z5,ZNH6,3/20/2026 12:01,WY3Z5 C11100,TYWZ25C3,TYWZ25P3,WY3Z5,XCME.WY3.17DEC25
11/7/2025,12/18/2025 13:00,10-Year Treasury Note Thursday Weekly Options - Week 3,HY3Z5,ZNH6,3/20/2026 12:01,HY3Z5 C11100,TJWZ25C3,TJWZ25P3,HY3Z5,XCME.HY3.18DEC25
12/1/2025,12/19/2025 15:00,10-Year T-Note Weekly Options Wk 3,ZN3Z5,ZNH6,3/20/2026 12:01,ZN3Z5 C11100,3MZ5C,3MZ5P,ZN3Z5,XCME.ZN3.19DEC25
12/9/2025,12/22/2025 13:00,10-Year Treasury Note Monday Weekly Options - Week 4,VY4Z5,ZNH6,3/20/2026 12:01,VY4Z5 C11100,VBYZ25C4,VBYZ25P4,VY4Z5,XCME.VY4.22DEC25
11/19/2025,12/23/2025 13:00,10-Year Treasury Note Tuesday Weekly Options - Week 4,GY4Z5,ZNH6,3/20/2026 12:01,GY4Z5 C11100,TJPZ25C4,TJPZ25P4,GY4Z5,XCME.GY4.23DEC25
12/11/2025,12/24/2025 13:00,10-Year Treasury Note Wednesday Weekly Options Wk 4,WY4Z5,ZNH6,3/20/2026 12:01,WY4Z5 C11100,TYWZ25C4,TYWZ25P4,WY4Z5,XCME.WY4.24DEC25
7/28/2025,12/26/2025 16:00,10-Year T-Note Options,OZNF6,ZNH6,3/20/2026 12:01,OZNF6 C11100,TYF5C,TYF5C,OZNF5,XCME.OZN.JAN25
12/16/2025,12/29/2025 13:00,10-Year Treasury Note Monday Weekly Options - Week 5,VY5Z5,ZNH6,3/20/2026 12:01,VY5Z5 C11100,VBYZ25C5,VBYZ25P5,VY5Z5,XCME.VY5.29DEC25
11/26/2025,12/30/2025 13:00,10-Year Treasury Note Tuesday Weekly Options - Week 5,GY5Z5,ZNH6,3/20/2026 12:01,GY5Z5 C11100,TJPZ25C5,TJPZ25P5,GY5Z5,XCME.GY5.30DEC25
12/18/2025,12/31/2025 13:00,10-Year Treasury Note Wednesday Weekly Options Wk 5,WY5Z5,ZNH6,3/20/2026 12:01,WY5Z5 C11100,TYWZ25C5,TYWZ25P5,WY5Z5,XCME.WY5.31DEC25
12/8/2025,1/2/2026 15:00,10-Year T-Note Weekly Options Wk 1,ZN1F6,ZNH6,3/20/2026 12:01,ZN1F6 C11100,1MF6C,1MF6P,ZN1F6,XCME.ZN1.02JAN26
12/23/2025,1/5/2026 13:00,10-Year Treasury Note Monday Weekly Options - Week 1,VY1F6,ZNH6,3/20/2026 12:01,VY1F6 C11100,VBYF26C1,VBYF26P1,VY1F6,XCME.VY1.05JAN26
12/3/2025,1/6/2026 13:00,10-Year Treasury Note Tuesday Weekly Options - Week 1,GY1F6,ZNH6,3/20/2026 12:01,GY1F6 C11100,TJPF26C1,TJPF26P1,GY1F6,XCME.GY1.06JAN26
12/26/2025,1/7/2026 13:00,10-Year Treasury Note Wednesday Weekly Options Wk 1,WY1F6,ZNH6,3/20/2026 12:01,WY1F6 C11100,TYWF26C1,TYWF26P1,WY1F6,XCME.WY1.07JAN26
11/14/2025,1/8/2026 13:00,10-Year Treasury Note Thursday Weekly Options - Week 2,HY2F6,ZNH6,3/20/2026 12:01,HY2F6 C11100,TJWF26C2,TJWF26P2,HY2F6,XCME.HY2.08JAN26
12/15/2025,1/9/2026 15:00,10-Year T-Note Weekly Options Wk 2,ZN2F6,ZNH6,3/20/2026 12:01,ZN2F6 C11100,2MF6C,2MF6P,ZN2F6,XCME.ZN2.09JAN26
12/30/2025,1/12/2026 13:00,10-Year Treasury Note Monday Weekly Options - Week 2,VY2F6,ZNH6,3/20/2026 12:01,VY2F6 C11100,VBYF26C2,VBYF26P2,VY2F6,XCME.VY2.12JAN26
12/10/2025,1/13/2026 13:00,10-Year Treasury Note Tuesday Weekly Options - Week 2,GY2F6,ZNH6,3/20/2026 12:01,GY2F6 C11100,TJPF26C2,TJPF26P2,GY2F6,XCME.GY2.13JAN26
1/2/2026,1/14/2026 13:00,10-Year Treasury Note Wednesday Weekly Options Wk 2,WY2F6,ZNH6,3/20/2026 12:01,WY2F6 C11100,TYWF26C2,TYWF26P2,WY2F6,XCME.WY2.14JAN26
11/21/2025,1/15/2026 13:00,10-Year Treasury Note Thursday Weekly Options - Week 3,HY3F6,ZNH6,3/20/2026 12:01,HY3F6 C11100,TJWF26C3,TJWF26P3,HY3F6,XCME.HY3.15JAN26
12/22/2025,1/16/2026 15:00,10-Year T-Note Weekly Options Wk 3,ZN3F6,ZNH6,3/20/2026 12:01,ZN3F6 C11100,3MF6C,3MF6P,ZN3F6,XCME.ZN3.16JAN26
1/6/2026,1/20/2026 13:00,10-Year Treasury Note Monday Weekly Options - Week 3,VY3F6,ZNH6,3/20/2026 12:01,VY3F6 C11100,VBYF26C3,VBYF26P3,VY3F6,XCME.VY3.19JAN26
12/17/2025,1/20/2026 13:00,10-Year Treasury Note Tuesday Weekly Options - Week 3,GY3F6,ZNH6,3/20/2026 12:01,GY3F6 C11100,TJPF26C3,TJPF26P3,GY3F6,XCME.GY3.20JAN26
1/8/2026,1/21/2026 13:00,10-Year Treasury Note Wednesday Weekly Options Wk 3,WY3F6,ZNH6,3/20/2026 12:01,WY3F6 C11100,TYWF26C3,TYWF26P3,WY3F6,XCME.WY3.21JAN26
12/5/2025,1/22/2026 13:00,10-Year Treasury Note Thursday Weekly Options - Week 4,HY4F6,ZNH6,3/20/2026 12:01,HY4F6 C11100,TJWF26C4,TJWF26P4,HY4F6,XCME.HY4.22JAN26
9/29/2025,1/23/2026 16:00,10-Year T-Note Options,OZNG6,ZNH6,3/20/2026 12:01,OZNG6 C11100,TYG6C,TYG6C,OZNG6,XCME.OZN.FEB26
1/13/2026,1/26/2026 13:00,10-Year Treasury Note Monday Weekly Options - Week 4,VY4F6,ZNH6,3/20/2026 12:01,VY4F6 C11100,VBYF26C4,VBYF26P4,VY4F6,XCME.VY4.26JAN26
12/24/2025,1/27/2026 13:00,10-Year Treasury Note Tuesday Weekly Options - Week 4,GY4F6,ZNH6,3/20/2026 12:01,GY4F6 C11100,TJPF26C4,TJPF26P4,GY4F6,XCME.GY4.27JAN26
1/15/2026,1/28/2026 13:00,10-Year Treasury Note Wednesday Weekly Options Wk 4,WY4F6,ZNH6,3/20/2026 12:01,WY4F6 C11100,TYWF26C4,TYWF26P4,WY4F6,XCME.WY4.28JAN26
12/12/2025,1/29/2026 13:00,10-Year Treasury Note Thursday Weekly Options - Week 5,HY5F6,ZNH6,3/20/2026 12:01,HY5F6 C11100,TJWF26C5,TJWF26P5,HY5F6,XCME.HY5.29JAN26
1/5/2026,1/30/2026 15:00,10-Year T-Note Weekly Options Wk 5,ZN5F6,ZNH6,3/20/2026 12:01,ZN5F6 C11100,5MF6C,5MF6P,ZN5F6,XCME.ZN5.30JAN26
1/21/2026,2/2/2026 13:00,10-Year Treasury Note Monday Weekly Options - Week 1,VY1G6,ZNH6,3/20/2026 12:01,VY1G6 C11100,VBYG26C1,VBYG26P1,VY1G6,XCME.VY1.02FEB26
12/31/2025,2/3/2026 13:00,10-Year Treasury Note Tuesday Weekly Options - Week 1,GY1G6,ZNH6,3/20/2026 12:01,GY1G6 C11100,TJPG26C1,TJPG26P1,GY1G6,XCME.GY1.03FEB26
1/22/2026,2/4/2026 13:00,10-Year Treasury Note Wednesday Weekly Options Wk 1,WY1G6,ZNH6,3/20/2026 12:01,WY1G6 C11100,TYWG26C1,TYWG26P1,WY1G6,XCME.WY1.04FEB26
1/12/2026,2/6/2026 15:00,10-Year T-Note Weekly Options Wk 1,ZN1G6,ZNH6,3/20/2026 12:01,ZN1G6 C11100,1MG6C,1MG6P,ZN1G6,XCME.ZN1.06FEB26
1/27/2026,2/9/2026 13:00,10-Year Treasury Note Monday Weekly Options - Week 2,VY2G6,ZNH6,3/20/2026 12:01,VY2G6 C11100,VBYG26C2,VBYG26P2,VY2G6,XCME.VY2.09FEB26
1/7/2026,2/10/2026 13:00,10-Year Treasury Note Tuesday Weekly Options - Week 2,GY2G6,ZNH6,3/20/2026 12:01,GY2G6 C11100,TJPG26C2,TJPG26P2,GY2G6,XCME.GY2.10FEB26
1/29/2026,2/11/2026 13:00,10-Year Treasury Note Wednesday Weekly Options Wk 2,WY2G6,ZNH6,3/20/2026 12:01,WY2G6 C11100,TYWG26C2,TYWG26P2,WY2G6,XCME.WY2.11FEB26
1/9/2026,2/12/2026 13:00,10-Year Treasury Note Thursday Weekly Options - Week 2,HY2G6,ZNH6,3/20/2026 12:01,HY2G6 C11100,TJWG26C2,TJWG26P2,HY2G6,XCME.HY2.12FEB26
1/20/2026,2/13/2026 15:00,10-Year T-Note Weekly Options Wk 2,ZN2G6,ZNH6,3/20/2026 12:01,ZN2G6 C11100,2MG6C,2MG6P,ZN2G6,XCME.ZN2.13FEB26
2/3/2026,2/17/2026 13:00,10-Year Treasury Note Monday Weekly Options - Week 3,VY3G6,ZNH6,3/20/2026 12:01,VY3G6 C11100,VBYG26C3,VBYG26P3,VY3G6,XCME.VY3.16FEB26
1/14/2026,2/17/2026 13:00,10-Year Treasury Note Tuesday Weekly Options - Week 3,GY3G6,ZNH6,3/20/2026 12:01,GY3G6 C11100,TJPG26C3,TJPG26P3,GY3G6,XCME.GY3.17FEB26
2/5/2026,2/18/2026 13:00,10-Year Treasury Note Wednesday Weekly Options Wk 3,WY3G6,ZNH6,3/20/2026 12:01,WY3G6 C11100,TYWG26C3,TYWG26P3,WY3G6,XCME.WY3.18FEB26
1/16/2026,2/19/2026 13:00,10-Year Treasury Note Thursday Weekly Options - Week 3,HY3G6,ZNH6,3/20/2026 12:01,HY3G6 C11100,TJWG26C3,TJWG26P3,HY3G6,XCME.HY3.19FEB26
6/18/2025,2/20/2026 16:00,10-Year T-Note Options,OZNH6,ZNH6,3/20/2026 12:01,OZNH6 C11100,TYH6C,TYH6C,OZNH6,XCME.OZN.MAR26
2/10/2026,2/23/2026 13:00,10-Year Treasury Note Monday Weekly Options - Week 4,VY4G6,ZNM6,,VY4G6 C11100,VBYG26C4,VBYG26P4,VY4G6,XCME.VY4.23FEB26
1/21/2026,2/24/2026 13:00,10-Year Treasury Note Tuesday Weekly Options - Week 4,GY4G6,ZNM6,,GY4G6 C11100,TJPG26C4,TJPG26P4,GY4G6,XCME.GY4.24FEB26
2/12/2026,2/25/2026 13:00,10-Year Treasury Note Wednesday Weekly Options Wk 4,WY4G6,ZNM6,,WY4G6 C11100,TYWG26C4,TYWG26P4,WY4G6,XCME.WY4.25FEB26
1/23/2026,2/26/2026 13:00,10-Year Treasury Note Thursday Weekly Options - Week 4,HY4G6,ZNM6,,HY4G6 C11100,TJWG26C4,TJWG26P4,HY4G6,XCME.HY4.26FEB26
2/2/2026,2/27/2026 15:00,10-Year T-Note Weekly Options Wk 4,ZN4G6,ZNM6,,ZN4G6 C11100,4MG6C,4MG6P,ZN4G6,XCME.ZN4.27FEB26
2/18/2026,3/2/2026 13:00,10-Year Treasury Note Monday Weekly Options - Week 1,VY1H6,ZNM6,,VY1H6 C11100,VBYH26C1,VBYH26P1,VY1H6,XCME.VY1.02MAR26
1/28/2026,3/3/2026 13:00,10-Year Treasury Note Tuesday Weekly Options - Week 1,GY1H6,ZNM6,,GY1H6 C11100,TJPH26C1,TJPH26P1,GY1H6,XCME.GY1.03MAR26
2/19/2026,3/4/2026 13:00,10-Year Treasury Note Wednesday Weekly Options Wk 1,WY1H6,ZNM6,,WY1H6 C11100,TYWH26C1,TYWH26P1,WY1H6,XCME.WY1.04MAR26
2/9/2026,3/6/2026 15:00,10-Year T-Note Weekly Options Wk 1,ZN1H6,ZNM6,,ZN1H6 C11100,1MH6C,1MH6P,ZN1H6,XCME.ZN1.06MAR26
2/24/2026,3/9/2026 14:00,10-Year Treasury Note Monday Weekly Options - Week 2,VY2H6,ZNM6,,VY2H6 C11100,VBYH26C2,VBYH26P2,VY2H6,XCME.VY2.09MAR26
2/4/2026,3/10/2026 14:00,10-Year Treasury Note Tuesday Weekly Options - Week 2,GY2H6,ZNM6,,GY2H6 C11100,TJPH26C2,TJPH26P2,GY2H6,XCME.GY2.10MAR26
2/26/2026,3/11/2026 14:00,10-Year Treasury Note Wednesday Weekly Options Wk 2,WY2H6,ZNM6,,WY2H6 C11100,TYWH26C2,TYWH26P2,WY2H6,XCME.WY2.11MAR26
2/6/2026,3/12/2026 14:00,10-Year Treasury Note Thursday Weekly Options - Week 2,HY2H6,ZNM6,,HY2H6 C11100,TJWH26C2,TJWH26P2,HY2H6,XCME.HY2.12MAR26
2/17/2026,3/13/2026 16:00,10-Year T-Note Weekly Options Wk 2,ZN2H6,ZNM6,,ZN2H6 C11100,2MH6C,2MH6P,ZN2H6,XCME.ZN2.13MAR26
3/3/2026,3/16/2026 14:00,10-Year Treasury Note Monday Weekly Options - Week 3,VY3H6,ZNM6,,VY3H6 C11100,VBYH26C3,VBYH26P3,VY3H6,XCME.VY3.16MAR26
2/11/2026,3/17/2026 14:00,10-Year Treasury Note Tuesday Weekly Options - Week 3,GY3H6,ZNM6,,GY3H6 C11100,TJPH26C3,TJPH26P3,GY3H6,XCME.GY3.17MAR26
3/5/2026,3/18/2026 14:00,10-Year Treasury Note Wednesday Weekly Options Wk 3,WY3H6,ZNM6,,WY3H6 C11100,TYWH26C3,TYWH26P3,WY3H6,XCME.WY3.18MAR26
2/13/2026,3/19/2026 14:00,10-Year Treasury Note Thursday Weekly Options - Week 3,HY3H6,ZNM6,,HY3H6 C11100,TJWH26C3,TJWH26P3,HY3H6,XCME.HY3.19MAR26
3/2/2026,3/20/2026 16:00,10-Year T-Note Weekly Options Wk 3,ZN3H6,ZNM6,,ZN3H6 C11100,3MH6C,3MH6P,ZN3H6,XCME.ZN3.20MAR26
3/10/2026,3/23/2026 14:00,10-Year Treasury Note Monday Weekly Options - Week 4,VY4H6,ZNM6,,VY4H6 C11100,VBYH26C4,VBYH26P4,VY4H6,XCME.VY4.23MAR26
2/18/2026,3/24/2026 14:00,10-Year Treasury Note Tuesday Weekly Options - Week 4,GY4H6,ZNM6,,GY4H6 C11100,TJPH26C4,TJPH26P4,GY4H6,XCME.GY4.24MAR26
3/12/2026,3/25/2026 14:00,10-Year Treasury Note Wednesday Weekly Options Wk 4,WY4H6,ZNM6,,WY4H6 C11100,TYWH26C4,TYWH26P4,WY4H6,XCME.WY4.25MAR26
2/20/2026,3/26/2026 14:00,10-Year Treasury Note Thursday Weekly Options - Week 4,HY4H6,ZNM6,,HY4H6 C11100,TJWH26C4,TJWH26P4,HY4H6,XCME.HY4.26MAR26
10/27/2025,3/27/2026 17:00,10-Year T-Note Options,OZNJ6,ZNM6,,OZNJ6 C11100,TYJ6C,TYJ6C,OZNJ6,XCME.OZN.APR26
3/17/2026,3/30/2026 14:00,10-Year Treasury Note Monday Weekly Options - Week 5,VY5H6,ZNM6,,VY5H6 C11100,VBYH26C5,VBYH26P5,VY5H6,XCME.VY5.30MAR26
2/25/2026,3/31/2026 14:00,10-Year Treasury Note Tuesday Weekly Options - Week 5,GY5H6,ZNM6,,GY5H6 C11100,TJPH26C5,TJPH26P5,GY5H6,XCME.GY5.31MAR26
3/19/2026,4/1/2026 14:00,10-Year Treasury Note Wednesday Weekly Options Wk 1,WY1J6,ZNM6,,WY1J6 C11100,TYWJ26C1,TYWJ26P1,WY1J6,XCME.WY1.01APR26
3/9/2026,4/2/2026 16:00,10-Year T-Note Weekly Options Wk 1,ZN1J6,ZNM6,,ZN1J6 C11100,1MJ6C,1MJ6P,ZN1J6,XCME.ZN1.03APR26
3/24/2026,4/6/2026 14:00,10-Year Treasury Note Monday Weekly Options - Week 1,VY1J6,ZNM6,,VY1J6 C11100,VBYJ26C1,VBYJ26P1,VY1J6,XCME.VY1.06APR26
3/4/2026,4/7/2026 14:00,10-Year Treasury Note Tuesday Weekly Options - Week 1,GY1J6,ZNM6,,GY1J6 C11100,TJPJ26C1,TJPJ26P1,GY1J6,XCME.GY1.07APR26
3/26/2026,4/8/2026 14:00,10-Year Treasury Note Wednesday Weekly Options Wk 2,WY2J6,ZNM6,,WY2J6 C11100,TYWJ26C2,TYWJ26P2,WY2J6,XCME.WY2.08APR26
2/27/2026,4/9/2026 14:00,10-Year Treasury Note Thursday Weekly Options - Week 2,HY2J6,ZNM6,,HY2J6 C11100,TJWJ26C2,TJWJ26P2,HY2J6,XCME.HY2.09APR26
3/16/2026,4/10/2026 16:00,10-Year T-Note Weekly Options Wk 2,ZN2J6,ZNM6,,ZN2J6 C11100,2MJ6C,2MJ6P,ZN2J6,XCME.ZN2.10APR26
3/31/2026,4/13/2026 14:00,10-Year Treasury Note Monday Weekly Options - Week 2,VY2J6,ZNM6,,VY2J6 C11100,VBYJ26C2,VBYJ26P2,VY2J6,XCME.VY2.13APR26
3/11/2026,4/14/2026 14:00,10-Year Treasury Note Tuesday Weekly Options - Week 2,GY2J6,ZNM6,,GY2J6 C11100,TJPJ26C2,TJPJ26P2,GY2J6,XCME.GY2.14APR26
4/2/2026,4/15/2026 14:00,10-Year Treasury Note Wednesday Weekly Options Wk 3,WY3J6,ZNM6,,WY3J6 C11100,TYWJ26C3,TYWJ26P3,WY3J6,XCME.WY3.15APR26
3/6/2026,4/16/2026 14:00,10-Year Treasury Note Thursday Weekly Options - Week 3,HY3J6,ZNM6,,HY3J6 C11100,TJWJ26C3,TJWJ26P3,HY3J6,XCME.HY3.16APR26
3/23/2026,4/17/2026 16:00,10-Year T-Note Weekly Options Wk 3,ZN3J6,ZNM6,,ZN3J6 C11100,3MJ6C,3MJ6P,ZN3J6,XCME.ZN3.17APR26
4/7/2026,4/20/2026 14:00,10-Year Treasury Note Monday Weekly Options - Week 3,VY3J6,ZNM6,,VY3J6 C11100,VBYJ26C3,VBYJ26P3,VY3J6,XCME.VY3.20APR26
3/18/2026,4/21/2026 14:00,10-Year Treasury Note Tuesday Weekly Options - Week 3,GY3J6,ZNM6,,GY3J6 C11100,TJPJ26C3,TJPJ26P3,GY3J6,XCME.GY3.21APR26
4/9/2026,4/22/2026 14:00,10-Year Treasury Note Wednesday Weekly Options Wk 4,WY4J6,ZNM6,,WY4J6 C11100,TYWJ26C4,TYWJ26P4,WY4J6,XCME.WY4.22APR26
3/13/2026,4/23/2026 14:00,10-Year Treasury Note Thursday Weekly Options - Week 4,HY4J6,ZNM6,,HY4J6 C11100,TJWJ26C4,TJWJ26P4,HY4J6,XCME.HY4.23APR26
12/29/2025,4/24/2026 17:00,10-Year T-Note Options,OZNK6,ZNM6,,OZNK6 C11100,TYK6C,TYK6C,OZNK6,XCME.OZN.MAY26
4/14/2026,4/27/2026 14:00,10-Year Treasury Note Monday Weekly Options - Week 4,VY4J6,ZNM6,,VY4J6 C11100,VBYJ26C4,VBYJ26P4,VY4J6,XCME.VY4.27APR26
3/25/2026,4/28/2026 14:00,10-Year Treasury Note Tuesday Weekly Options - Week 4,GY4J6,ZNM6,,GY4J6 C11100,TJPJ26C4,TJPJ26P4,GY4J6,XCME.GY4.28APR26
4/16/2026,4/29/2026 14:00,10-Year Treasury Note Wednesday Weekly Options Wk 5,WY5J6,ZNM6,,WY5J6 C11100,TYWJ26C5,TYWJ26P5,WY5J6,XCME.WY5.29APR26
3/20/2026,4/30/2026 14:00,10-Year Treasury Note Thursday Weekly Options - Week 5,HY5J6,ZNM6,,HY5J6 C11100,TJWJ26C5,TJWJ26P5,HY5J6,XCME.HY5.30APR26
4/6/2026,5/1/2026 16:00,10-Year T-Note Weekly Options Wk 1,ZN1K6,ZNM6,,ZN1K6 C11100,1MK6C,1MK6P,ZN1K6,XCME.ZN1.01MAY26
4/21/2026,5/4/2026 14:00,10-Year Treasury Note Monday Weekly Options - Week 1,VY1K6,ZNM6,,VY1K6 C11100,VBYK26C1,VBYK26P1,VY1K6,XCME.VY1.04MAY26
4/1/2026,5/5/2026 14:00,10-Year Treasury Note Tuesday Weekly Options - Week 1,GY1K6,ZNM6,,GY1K6 C11100,TJPK26C1,TJPK26P1,GY1K6,XCME.GY1.05MAY26
4/23/2026,5/6/2026 14:00,10-Year Treasury Note Wednesday Weekly Options Wk 1,WY1K6,ZNM6,,WY1K6 C11100,TYWK26C1,TYWK26P1,WY1K6,XCME.WY1.06MAY26
4/13/2026,5/8/2026 16:00,10-Year T-Note Weekly Options Wk 2,ZN2K6,ZNM6,,ZN2K6 C11100,2MK6C,2MK6P,ZN2K6,XCME.ZN2.08MAY26
4/28/2026,5/11/2026 14:00,10-Year Treasury Note Monday Weekly Options - Week 2,VY2K6,ZNM6,,VY2K6 C11100,VBYK26C2,VBYK26P2,VY2K6,XCME.VY2.11MAY26
4/8/2026,5/12/2026 14:00,10-Year Treasury Note Tuesday Weekly Options - Week 2,GY2K6,ZNM6,,GY2K6 C11100,TJPK26C2,TJPK26P2,GY2K6,XCME.GY2.12MAY26
4/30/2026,5/13/2026 14:00,10-Year Treasury Note Wednesday Weekly Options Wk 2,WY2K6,ZNM6,,WY2K6 C11100,TYWK26C2,TYWK26P2,WY2K6,XCME.WY2.13MAY26
4/10/2026,5/14/2026 14:00,10-Year Treasury Note Thursday Weekly Options - Week 2,HY2K6,ZNM6,,HY2K6 C11100,TJWK26C2,TJWK26P2,HY2K6,XCME.HY2.14MAY26
4/20/2026,5/15/2026 16:00,10-Year T-Note Weekly Options Wk 3,ZN3K6,ZNM6,,ZN3K6 C11100,3MK6C,3MK6P,ZN3K6,XCME.ZN3.15MAY26
5/5/2026,5/18/2026 14:00,10-Year Treasury Note Monday Weekly Options - Week 3,VY3K6,ZNM6,,VY3K6 C11100,VBYK26C3,VBYK26P3,VY3K6,XCME.VY3.18MAY26
4/15/2026,5/19/2026 14:00,10-Year Treasury Note Tuesday Weekly Options - Week 3,GY3K6,ZNM6,,GY3K6 C11100,TJPK26C3,TJPK26P3,GY3K6,XCME.GY3.19MAY26
5/7/2026,5/20/2026 14:00,10-Year Treasury Note Wednesday Weekly Options Wk 3,WY3K6,ZNM6,,WY3K6 C11100,TYWK26C3,TYWK26P3,WY3K6,XCME.WY3.20MAY26
4/17/2026,5/21/2026 14:00,10-Year Treasury Note Thursday Weekly Options - Week 3,HY3K6,ZNM6,,HY3K6 C11100,TJWK26C3,TJWK26P3,HY3K6,XCME.HY3.21MAY26
9/22/2025,5/22/2026 17:00,10-Year T-Note Options,OZNM6,ZNM6,,OZNM6 C11100,TYM6C,TYM6C,OZNM6,XCME.OZN.JUN26
5/12/2026,5/26/2026 14:00,10-Year Treasury Note Monday Weekly Options - Week 4,VY4K6,ZNU6,,VY4K6 C11100,VBYK26C4,VBYK26P4,VY4K6,XCME.VY4.25MAY26
4/22/2026,5/26/2026 14:00,10-Year Treasury Note Tuesday Weekly Options - Week 4,GY4K6,ZNU6,,GY4K6 C11100,TJPK26C4,TJPK26P4,GY4K6,XCME.GY4.26MAY26
5/14/2026,5/27/2026 14:00,10-Year Treasury Note Wednesday Weekly Options Wk 4,WY4K6,ZNU6,,WY4K6 C11100,TYWK26C4,TYWK26P4,WY4K6,XCME.WY4.27MAY26
4/24/2026,5/28/2026 14:00,10-Year Treasury Note Thursday Weekly Options - Week 4,HY4K6,ZNU6,,HY4K6 C11100,TJWK26C4,TJWK26P4,HY4K6,XCME.HY4.28MAY26
5/4/2026,5/29/2026 16:00,10-Year T-Note Weekly Options Wk 5,ZN5K6,ZNU6,,ZN5K6 C11100,5MK6C,5MK6P,ZN5K6,XCME.ZN5.29MAY26
5/19/2026,6/1/2026 14:00,10-Year Treasury Note Monday Weekly Options - Week 1,VY1M6,ZNU6,,VY1M6 C11100,VBYM26C1,VBYM26P1,VY1M6,XCME.VY1.01JUN26
4/29/2026,6/2/2026 14:00,10-Year Treasury Note Tuesday Weekly Options - Week 1,GY1M6,ZNU6,,GY1M6 C11100,TJPM26C1,TJPM26P1,GY1M6,XCME.GY1.02JUN26
5/21/2026,6/3/2026 14:00,10-Year Treasury Note Wednesday Weekly Options Wk 1,WY1M6,ZNU6,,WY1M6 C11100,TYWM26C1,TYWM26P1,WY1M6,XCME.WY1.03JUN26
5/11/2026,6/5/2026 16:00,10-Year T-Note Weekly Options Wk 1,ZN1M6,ZNU6,,ZN1M6 C11100,1MM6C,1MM6P,ZN1M6,XCME.ZN1.05JUN26
5/27/2026,6/8/2026 14:00,10-Year Treasury Note Monday Weekly Options - Week 2,VY2M6,ZNU6,,VY2M6 C11100,VBYM26C2,VBYM26P2,VY2M6,XCME.VY2.08JUN26
5/6/2026,6/9/2026 14:00,10-Year Treasury Note Tuesday Weekly Options - Week 2,GY2M6,ZNU6,,GY2M6 C11100,TJPM26C2,TJPM26P2,GY2M6,XCME.GY2.09JUN26
5/28/2026,6/10/2026 14:00,10-Year Treasury Note Wednesday Weekly Options Wk 2,WY2M6,ZNU6,,WY2M6 C11100,TYWM26C2,TYWM26P2,WY2M6,XCME.WY2.10JUN26
5/8/2026,6/11/2026 14:00,10-Year Treasury Note Thursday Weekly Options - Week 2,HY2M6,ZNU6,,HY2M6 C11100,TJWM26C2,TJWM26P2,HY2M6,XCME.HY2.11JUN26
5/18/2026,6/12/2026 16:00,10-Year T-Note Weekly Options Wk 2,ZN2M6,ZNU6,,ZN2M6 C11100,2MM6C,2MM6P,ZN2M6,XCME.ZN2.12JUN26
6/2/2026,6/15/2026 14:00,10-Year Treasury Note Monday Weekly Options - Week 3,VY3M6,ZNU6,,VY3M6 C11100,VBYM26C3,VBYM26P3,VY3M6,XCME.VY3.15JUN26
5/13/2026,6/16/2026 14:00,10-Year Treasury Note Tuesday Weekly Options - Week 3,GY3M6,ZNU6,,GY3M6 C11100,TJPM26C3,TJPM26P3,GY3M6,XCME.GY3.16JUN26
6/4/2026,6/17/2026 14:00,10-Year Treasury Note Wednesday Weekly Options Wk 3,WY3M6,ZNU6,,WY3M6 C11100,TYWM26C3,TYWM26P3,WY3M6,XCME.WY3.17JUN26
6/1/2026,6/18/2026 16:00,10-Year T-Note Weekly Options Wk 3,ZN3M6,ZNU6,,ZN3M6 C11100,3MM6C,3MM6P,ZN3M6,XCME.ZN3.19JUN26
6/9/2026,6/22/2026 14:00,10-Year Treasury Note Monday Weekly Options - Week 4,VY4M6,ZNU6,,VY4M6 C11100,VBYM26C4,VBYM26P4,VY4M6,XCME.VY4.22JUN26
5/20/2026,6/23/2026 14:00,10-Year Treasury Note Tuesday Weekly Options - Week 4,GY4M6,ZNU6,,GY4M6 C11100,TJPM26C4,TJPM26P4,GY4M6,XCME.GY4.23JUN26
6/11/2026,6/24/2026 14:00,10-Year Treasury Note Wednesday Weekly Options Wk 4,WY4M6,ZNU6,,WY4M6 C11100,TYWM26C4,TYWM26P4,WY4M6,XCME.WY4.24JUN26
5/15/2026,6/25/2026 14:00,10-Year Treasury Note Thursday Weekly Options - Week 4,HY4M6,ZNU6,,HY4M6 C11100,TJWM26C4,TJWM26P4,HY4M6,XCME.HY4.25JUN26
1/26/2026,6/26/2026 17:00,10-Year T-Note Options,OZNN6,ZNU6,,OZNN6 C11100,TYN6C,TYN6C,OZNN6,XCME.OZN.JUL26
6/16/2026,6/29/2026 14:00,10-Year Treasury Note Monday Weekly Options - Week 5,VY5M6,ZNU6,,VY5M6 C11100,VBYM26C5,VBYM26P5,VY5M6,XCME.VY5.29JUN26
5/27/2026,6/30/2026 14:00,10-Year Treasury Note Tuesday Weekly Options - Week 5,GY5M6,ZNU6,,GY5M6 C11100,TJPM26C5,TJPM26P5,GY5M6,XCME.GY5.30JUN26
6/18/2026,7/1/2026 14:00,10-Year Treasury Note Wednesday Weekly Options Wk 1,WY1N6,ZNU6,,WY1N6 C11100,TYWN26C1,TYWN26P1,WY1N6,XCME.WY1.01JUL26
6/8/2026,7/2/2026 16:00,10-Year T-Note Weekly Options Wk 1,ZN1N6,ZNU6,,ZN1N6 C11100,1MN6C,1MN6P,ZN1N6,XCME.ZN1.03JUL26
6/23/2026,7/6/2026 14:00,10-Year Treasury Note Monday Weekly Options - Week 1,VY1N6,ZNU6,,VY1N6 C11100,VBYN26C1,VBYN26P1,VY1N6,XCME.VY1.06JUL26
6/3/2026,7/7/2026 14:00,10-Year Treasury Note Tuesday Weekly Options - Week 1,GY1N6,ZNU6,,GY1N6 C11100,TJPN26C1,TJPN26P1,GY1N6,XCME.GY1.07JUL26
6/25/2026,7/8/2026 14:00,10-Year Treasury Note Wednesday Weekly Options Wk 2,WY2N6,ZNU6,,WY2N6 C11100,TYWN26C2,TYWN26P2,WY2N6,XCME.WY2.08JUL26
5/22/2026,7/9/2026 14:00,10-Year Treasury Note Thursday Weekly Options - Week 2,HY2N6,ZNU6,,HY2N6 C11100,TJWN26C2,TJWN26P2,HY2N6,XCME.HY2.09JUL26
6/15/2026,7/10/2026 16:00,10-Year T-Note Weekly Options Wk 2,ZN2N6,ZNU6,,ZN2N6 C11100,2MN6C,2MN6P,ZN2N6,XCME.ZN2.10JUL26
6/30/2026,7/13/2026 14:00,10-Year Treasury Note Monday Weekly Options - Week 2,VY2N6,ZNU6,,VY2N6 C11100,VBYN26C2,VBYN26P2,VY2N6,XCME.VY2.13JUL26
6/10/2026,7/14/2026 14:00,10-Year Treasury Note Tuesday Weekly Options - Week 2,GY2N6,ZNU6,,GY2N6 C11100,TJPN26C2,TJPN26P2,GY2N6,XCME.GY2.14JUL26
7/2/2026,7/15/2026 14:00,10-Year Treasury Note Wednesday Weekly Options Wk 3,WY3N6,ZNU6,,WY3N6 C11100,TYWN26C3,TYWN26P3,WY3N6,XCME.WY3.15JUL26
5/29/2026,7/16/2026 14:00,10-Year Treasury Note Thursday Weekly Options - Week 3,HY3N6,ZNU6,,HY3N6 C11100,TJWN26C3,TJWN26P3,HY3N6,XCME.HY3.16JUL26
6/22/2026,7/17/2026 16:00,10-Year T-Note Weekly Options Wk 3,ZN3N6,ZNU6,,ZN3N6 C11100,3MN6C,3MN6P,ZN3N6,XCME.ZN3.17JUL26
7/7/2026,7/20/2026 14:00,10-Year Treasury Note Monday Weekly Options - Week 3,VY3N6,ZNU6,,VY3N6 C11100,VBYN26C3,VBYN26P3,VY3N6,XCME.VY3.20JUL26
6/17/2026,7/21/2026 14:00,10-Year Treasury Note Tuesday Weekly Options - Week 3,GY3N6,ZNU6,,GY3N6 C11100,TJPN26C3,TJPN26P3,GY3N6,XCME.GY3.21JUL26
7/9/2026,7/22/2026 14:00,10-Year Treasury Note Wednesday Weekly Options Wk 4,WY4N6,ZNU6,,WY4N6 C11100,TYWN26C4,TYWN26P4,WY4N6,XCME.WY4.22JUL26
6/5/2026,7/23/2026 14:00,10-Year Treasury Note Thursday Weekly Options - Week 4,HY4N6,ZNU6,,HY4N6 C11100,TJWN26C4,TJWN26P4,HY4N6,XCME.HY4.23JUL26
3/30/2026,7/24/2026 17:00,10-Year T-Note Options,OZNQ6,ZNU6,,OZNQ6 C11100,TYQ6C,TYQ6C,OZNQ6,XCME.OZN.AUG26
7/14/2026,7/27/2026 14:00,10-Year Treasury Note Monday Weekly Options - Week 4,VY4N6,ZNU6,,VY4N6 C11100,VBYN26C4,VBYN26P4,VY4N6,XCME.VY4.27JUL26
6/24/2026,7/28/2026 14:00,10-Year Treasury Note Tuesday Weekly Options - Week 4,GY4N6,ZNU6,,GY4N6 C11100,TJPN26C4,TJPN26P4,GY4N6,XCME.GY4.28JUL26
7/16/2026,7/29/2026 14:00,10-Year Treasury Note Wednesday Weekly Options Wk 5,WY5N6,ZNU6,,WY5N6 C11100,TYWN26C5,TYWN26P5,WY5N6,XCME.WY5.29JUL26
6/12/2026,7/30/2026 14:00,10-Year Treasury Note Thursday Weekly Options - Week 5,HY5N6,ZNU6,,HY5N6 C11100,TJWN26C5,TJWN26P5,HY5N6,XCME.HY5.30JUL26
7/6/2026,7/31/2026 16:00,10-Year T-Note Weekly Options Wk 5,ZN5N6,ZNU6,,ZN5N6 C11100,5MN6C,5MN6P,ZN5N6,XCME.ZN5.31JUL26
7/21/2026,8/3/2026 14:00,10-Year Treasury Note Monday Weekly Options - Week 1,VY1Q6,ZNU6,,VY1Q6 C11100,VBYQ26C1,VBYQ26P1,VY1Q6,XCME.VY1.03AUG26
7/1/2026,8/4/2026 14:00,10-Year Treasury Note Tuesday Weekly Options - Week 1,GY1Q6,ZNU6,,GY1Q6 C11100,TJPQ26C1,TJPQ26P1,GY1Q6,XCME.GY1.04AUG26
7/23/2026,8/5/2026 14:00,10-Year Treasury Note Wednesday Weekly Options Wk 1,WY1Q6,ZNU6,,WY1Q6 C11100,TYWQ26C1,TYWQ26P1,WY1Q6,XCME.WY1.05AUG26
7/13/2026,8/7/2026 16:00,10-Year T-Note Weekly Options Wk 1,ZN1Q6,ZNU6,,ZN1Q6 C11100,1MQ6C,1MQ6P,ZN1Q6,XCME.ZN1.07AUG26
7/28/2026,8/10/2026 14:00,10-Year Treasury Note Monday Weekly Options - Week 2,VY2Q6,ZNU6,,VY2Q6 C11100,VBYQ26C2,VBYQ26P2,VY2Q6,XCME.VY2.10AUG26
7/8/2026,8/11/2026 14:00,10-Year Treasury Note Tuesday Weekly Options - Week 2,GY2Q6,ZNU6,,GY2Q6 C11100,TJPQ26C2,TJPQ26P2,GY2Q6,XCME.GY2.11AUG26
7/30/2026,8/12/2026 14:00,10-Year Treasury Note Wednesday Weekly Options Wk 2,WY2Q6,ZNU6,,WY2Q6 C11100,TYWQ26C2,TYWQ26P2,WY2Q6,XCME.WY2.12AUG26
7/10/2026,8/13/2026 14:00,10-Year Treasury Note Thursday Weekly Options - Week 2,HY2Q6,ZNU6,,HY2Q6 C11100,TJWQ26C2,TJWQ26P2,HY2Q6,XCME.HY2.13AUG26
7/20/2026,8/14/2026 16:00,10-Year T-Note Weekly Options Wk 2,ZN2Q6,ZNU6,,ZN2Q6 C11100,2MQ6C,2MQ6P,ZN2Q6,XCME.ZN2.14AUG26
8/4/2026,8/17/2026 14:00,10-Year Treasury Note Monday Weekly Options - Week 3,VY3Q6,ZNU6,,VY3Q6 C11100,VBYQ26C3,VBYQ26P3,VY3Q6,XCME.VY3.17AUG26
7/15/2026,8/18/2026 14:00,10-Year Treasury Note Tuesday Weekly Options - Week 3,GY3Q6,ZNU6,,GY3Q6 C11100,TJPQ26C3,TJPQ26P3,GY3Q6,XCME.GY3.18AUG26
8/6/2026,8/19/2026 14:00,10-Year Treasury Note Wednesday Weekly Options Wk 3,WY3Q6,ZNU6,,WY3Q6 C11100,TYWQ26C3,TYWQ26P3,WY3Q6,XCME.WY3.19AUG26
7/17/2026,8/20/2026 14:00,10-Year Treasury Note Thursday Weekly Options - Week 3,HY3Q6,ZNU6,,HY3Q6 C11100,TJWQ26C3,TJWQ26P3,HY3Q6,XCME.HY3.20AUG26
12/22/2025,8/21/2026 17:00,10-Year T-Note Options,OZNU6,ZNU6,,OZNU6 C11100,TYU6C,TYU6C,OZNU6,XCME.OZN.SEP26
8/11/2026,8/24/2026 14:00,10-Year Treasury Note Monday Weekly Options - Week 4,VY4Q6,ZNZ6,,VY4Q6 C11100,VBYQ26C4,VBYQ26P4,VY4Q6,XCME.VY4.24AUG26
7/22/2026,8/25/2026 14:00,10-Year Treasury Note Tuesday Weekly Options - Week 4,GY4Q6,ZNZ6,,GY4Q6 C11100,TJPQ26C4,TJPQ26P4,GY4Q6,XCME.GY4.25AUG26
8/13/2026,8/26/2026 14:00,10-Year Treasury Note Wednesday Weekly Options Wk 4,WY4Q6,ZNZ6,,WY4Q6 C11100,TYWQ26C4,TYWQ26P4,WY4Q6,XCME.WY4.26AUG26
7/24/2026,8/27/2026 14:00,10-Year Treasury Note Thursday Weekly Options - Week 4,HY4Q6,ZNZ6,,HY4Q6 C11100,TJWQ26C4,TJWQ26P4,HY4Q6,XCME.HY4.27AUG26
8/3/2026,8/28/2026 16:00,10-Year T-Note Weekly Options Wk 4,ZN4Q6,ZNZ6,,ZN4Q6 C11100,4MQ6C,4MQ6P,ZN4Q6,XCME.ZN4.28AUG26
8/18/2026,8/31/2026 14:00,10-Year Treasury Note Monday Weekly Options - Week 5,VY5Q6,ZNZ6,,VY5Q6 C11100,VBYQ26C5,VBYQ26P5,VY5Q6,XCME.VY5.31AUG26
7/29/2026,9/1/2026 14:00,10-Year Treasury Note Tuesday Weekly Options - Week 1,GY1U6,ZNZ6,,GY1U6 C11100,TJPU26C1,TJPU26P1,GY1U6,XCME.GY1.01SEP26
8/20/2026,9/2/2026 14:00,10-Year Treasury Note Wednesday Weekly Options Wk 1,WY1U6,ZNZ6,,WY1U6 C11100,TYWU26C1,TYWU26P1,WY1U6,XCME.WY1.02SEP26
8/10/2026,9/4/2026 16:00,10-Year T-Note Weekly Options Wk 1,ZN1U6,ZNZ6,,ZN1U6 C11100,1MU6C,1MU6P,ZN1U6,XCME.ZN1.04SEP26
8/25/2026,9/8/2026 14:00,10-Year Treasury Note Monday Weekly Options - Week 1,VY1U6,ZNZ6,,VY1U6 C11100,VBYU26C1,VBYU26P1,VY1U6,XCME.VY1.07SEP26
8/5/2026,9/8/2026 14:00,10-Year Treasury Note Tuesday Weekly Options - Week 2,GY2U6,ZNZ6,,GY2U6 C11100,TJPU26C2,TJPU26P2,GY2U6,XCME.GY2.08SEP26
8/27/2026,9/9/2026 14:00,10-Year Treasury Note Wednesday Weekly Options Wk 2,WY2U6,ZNZ6,,WY2U6 C11100,TYWU26C2,TYWU26P2,WY2U6,XCME.WY2.09SEP26
8/7/2026,9/10/2026 14:00,10-Year Treasury Note Thursday Weekly Options - Week 2,HY2U6,ZNZ6,,HY2U6 C11100,TJWU26C2,TJWU26P2,HY2U6,XCME.HY2.10SEP26
8/17/2026,9/11/2026 16:00,10-Year T-Note Weekly Options Wk 2,ZN2U6,ZNZ6,,ZN2U6 C11100,2MU6C,2MU6P,ZN2U6,XCME.ZN2.11SEP26
9/1/2026,9/14/2026 14:00,10-Year Treasury Note Monday Weekly Options - Week 2,VY2U6,ZNZ6,,VY2U6 C11100,VBYU26C2,VBYU26P2,VY2U6,XCME.VY2.14SEP26
8/12/2026,9/15/2026 14:00,10-Year Treasury Note Tuesday Weekly Options - Week 3,GY3U6,ZNZ6,,GY3U6 C11100,TJPU26C3,TJPU26P3,GY3U6,XCME.GY3.15SEP26
9/3/2026,9/16/2026 14:00,10-Year Treasury Note Wednesday Weekly Options Wk 3,WY3U6,ZNZ6,,WY3U6 C11100,TYWU26C3,TYWU26P3,WY3U6,XCME.WY3.16SEP26
8/14/2026,9/17/2026 14:00,10-Year Treasury Note Thursday Weekly Options - Week 3,HY3U6,ZNZ6,,HY3U6 C11100,TJWU26C3,TJWU26P3,HY3U6,XCME.HY3.17SEP26
8/31/2026,9/18/2026 16:00,10-Year T-Note Weekly Options Wk 3,ZN3U6,ZNZ6,,ZN3U6 C11100,3MU6C,3MU6P,ZN3U6,XCME.ZN3.18SEP26
9/9/2026,9/21/2026 14:00,10-Year Treasury Note Monday Weekly Options - Week 3,VY3U6,ZNZ6,,VY3U6 C11100,VBYU26C3,VBYU26P3,VY3U6,XCME.VY3.21SEP26
8/19/2026,9/22/2026 14:00,10-Year Treasury Note Tuesday Weekly Options - Week 4,GY4U6,ZNZ6,,GY4U6 C11100,TJPU26C4,TJPU26P4,GY4U6,XCME.GY4.22SEP26
9/10/2026,9/23/2026 14:00,10-Year Treasury Note Wednesday Weekly Options Wk 4,WY4U6,ZNZ6,,WY4U6 C11100,TYWU26C4,TYWU26P4,WY4U6,XCME.WY4.23SEP26
8/21/2026,9/24/2026 14:00,10-Year Treasury Note Thursday Weekly Options - Week 4,HY4U6,ZNZ6,,HY4U6 C11100,TJWU26C4,TJWU26P4,HY4U6,XCME.HY4.24SEP26
4/27/2026,9/25/2026 17:00,10-Year T-Note Options,OZNV6,ZNZ6,,OZNV6 C11100,TYV6C,TYV6C,OZNV6,XCME.OZN.OCT26
9/15/2026,9/28/2026 14:00,10-Year Treasury Note Monday Weekly Options - Week 4,VY4U6,ZNZ6,,VY4U6 C11100,VBYU26C4,VBYU26P4,VY4U6,XCME.VY4.28SEP26
8/26/2026,9/29/2026 14:00,10-Year Treasury Note Tuesday Weekly Options - Week 5,GY5U6,ZNZ6,,GY5U6 C11100,TJPU26C5,TJPU26P5,GY5U6,XCME.GY5.29SEP26
9/17/2026,9/30/2026 14:00,10-Year Treasury Note Wednesday Weekly Options Wk 5,WY5U6,ZNZ6,,WY5U6 C11100,TYWU26C5,TYWU26P5,WY5U6,XCME.WY5.30SEP26
9/8/2026,10/2/2026 16:00,10-Year T-Note Weekly Options Wk 1,ZN1V6,ZNZ6,,ZN1V6 C11100,1MV6C,1MV6P,ZN1V6,XCME.ZN1.02OCT26
9/22/2026,10/5/2026 14:00,10-Year Treasury Note Monday Weekly Options - Week 1,VY1V6,ZNZ6,,VY1V6 C11100,VBYV26C1,VBYV26P1,VY1V6,XCME.VY1.05OCT26
9/2/2026,10/6/2026 14:00,10-Year Treasury Note Tuesday Weekly Options - Week 1,GY1V6,ZNZ6,,GY1V6 C11100,TJPV26C1,TJPV26P1,GY1V6,XCME.GY1.06OCT26
9/24/2026,10/7/2026 14:00,10-Year Treasury Note Wednesday Weekly Options Wk 1,WY1V6,ZNZ6,,WY1V6 C11100,TYWV26C1,TYWV26P1,WY1V6,XCME.WY1.07OCT26
9/4/2026,10/8/2026 14:00,10-Year Treasury Note Thursday Weekly Options - Week 2,HY2V6,ZNZ6,,HY2V6 C11100,TJWV26C2,TJWV26P2,HY2V6,XCME.HY2.08OCT26
9/14/2026,10/9/2026 16:00,10-Year T-Note Weekly Options Wk 2,ZN2V6,ZNZ6,,ZN2V6 C11100,2MV6C,2MV6P,ZN2V6,XCME.ZN2.09OCT26
9/29/2026,10/12/2026 14:00,10-Year Treasury Note Monday Weekly Options - Week 2,VY2V6,ZNZ6,,VY2V6 C11100,VBYV26C2,VBYV26P2,VY2V6,XCME.VY2.12OCT26
9/9/2026,10/13/2026 14:00,10-Year Treasury Note Tuesday Weekly Options - Week 2,GY2V6,ZNZ6,,GY2V6 C11100,TJPV26C2,TJPV26P2,GY2V6,XCME.GY2.13OCT26
10/1/2026,10/14/2026 14:00,10-Year Treasury Note Wednesday Weekly Options Wk 2,WY2V6,ZNZ6,,WY2V6 C11100,TYWV26C2,TYWV26P2,WY2V6,XCME.WY2.14OCT26
9/11/2026,10/15/2026 14:00,10-Year Treasury Note Thursday Weekly Options - Week 3,HY3V6,ZNZ6,,HY3V6 C11100,TJWV26C3,TJWV26P3,HY3V6,XCME.HY3.15OCT26
9/21/2026,10/16/2026 16:00,10-Year T-Note Weekly Options Wk 3,ZN3V6,ZNZ6,,ZN3V6 C11100,3MV6C,3MV6P,ZN3V6,XCME.ZN3.16OCT26
9/16/2026,10/20/2026 14:00,10-Year Treasury Note Tuesday Weekly Options - Week 3,GY3V6,ZNZ6,,GY3V6 C11100,TJPV26C3,TJPV26P3,GY3V6,XCME.GY3.20OCT26
9/18/2026,10/22/2026 14:00,10-Year Treasury Note Thursday Weekly Options - Week 4,HY4V6,ZNZ6,,HY4V6 C11100,TJWV26C4,TJWV26P4,HY4V6,XCME.HY4.22OCT26
6/29/2026,10/23/2026 17:00,10-Year T-Note Options,OZNX6,ZNZ6,,OZNX6 C11100,TYX6C,TYX6C,OZNX6,XCME.OZN.NOV26
9/23/2026,10/27/2026 14:00,10-Year Treasury Note Tuesday Weekly Options - Week 4,GY4V6,ZNZ6,,GY4V6 C11100,TJPV26C4,TJPV26P4,GY4V6,XCME.GY4.27OCT26
9/25/2026,10/29/2026 14:00,10-Year Treasury Note Thursday Weekly Options - Week 5,HY5V6,ZNZ6,,HY5V6 C11100,TJWV26C5,TJWV26P5,HY5V6,XCME.HY5.29OCT26
9/30/2026,11/3/2026 13:00,10-Year Treasury Note Tuesday Weekly Options - Week 1,GY1X6,ZNZ6,,GY1X6 C11100,TJPX26C1,TJPX26P1,GY1X6,XCME.GY1.03NOV26
10/7/2026,11/10/2026 13:00,10-Year Treasury Note Tuesday Weekly Options - Week 2,GY2X6,ZNZ6,,GY2X6 C11100,TJPX26C2,TJPX26P2,GY2X6,XCME.GY2.10NOV26
10/9/2026,11/12/2026 13:00,10-Year Treasury Note Thursday Weekly Options - Week 2,HY2X6,ZNZ6,,HY2X6 C11100,TJWX26C2,TJWX26P2,HY2X6,XCME.HY2.12NOV26
10/14/2026,11/17/2026 13:00,10-Year Treasury Note Tuesday Weekly Options - Week 3,GY3X6,ZNZ6,,GY3X6 C11100,TJPX26C3,TJPX26P3,GY3X6,XCME.GY3.17NOV26
10/16/2026,11/19/2026 13:00,10-Year Treasury Note Thursday Weekly Options - Week 3,HY3X6,ZNZ6,,HY3X6 C11100,TJWX26C3,TJWX26P3,HY3X6,XCME.HY3.19NOV26
3/23/2026,11/20/2026 16:00,10-Year T-Note Options,OZNZ6,ZNZ6,,OZNZ6 C11100,TYZ6C,TYZ6C,OZNZ6,XCME.OZN.DEC26
10/21/2026,11/24/2026 13:00,10-Year Treasury Note Tuesday Weekly Options - Week 4,GY4X6,ZNH7,,GY4X6 C11100,TJPX26C4,TJPX26P4,GY4X6,XCME.GY4.24NOV26
10/28/2026,12/1/2026 13:00,10-Year Treasury Note Tuesday Weekly Options - Week 1,GY1Z6,ZNH7,,GY1Z6 C11100,TJPZ26C1,TJPZ26P1,GY1Z6,XCME.GY1.01DEC26
7/27/2026,12/24/2026 16:00,10-Year T-Note Options,OZNF7,ZNH7,,OZNF7 C11100,TYF6C,TYF6C,OZNF6,XCME.OZN.JAN26
9/28/2026,1/22/2027 16:00,10-Year T-Note Options,OZNG7,ZNH7,,OZNG7 C11100,TYG7C,TYG7C,OZNG7,XCME.OZN.FEB27
6/22/2026,2/19/2027 16:00,10-Year T-Note Options,OZNH7,ZNH7,,OZNH7 C11100,TYH7C,TYH7C,OZNH7,XCME.OZN.MAR27
9/22/2026,5/21/2027 17:00,10-Year T-Note Options,OZNM7,ZNM7,,OZNM7 C11100,TYM7C,TYM7C,OZNM7,XCME.OZN.JUN27
