Option First Avail Date,Option Expiration Date (CT),Option Product,Option Symbol,Bloomberg_Call,Bloomberg_Put,CME,ActantRisk,Underlying Symbol,Underlying Expiration Date (CT),Original,CME_Original,ActantRisk_Original,ActantTrades,ActantTime,Broker,PricingMonkey
7/7/2025,7/21/2025 14:00,10-Year Treasury Note Monday Weekly Options - Week 3,VY3N5,VBYN25C3,VBYN25P3,VY3N5,XCME.VY3.21JUL25,ZNU5,9/19/2025 12:01,VY3N5 C11100,VY3N5 C011100,XCME.VY3.21JUL25.11.C,XCMEOCADPS20250721N0VY3,XCME.ZN.N.G.21JUL25,CALL/PUT JUL 25 CBT 10YR TNOTE,jul25 wk3 mon ty
7/8/2025,7/22/2025 14:00,10-Year Treasury Note Tuesday Weekly Options - Week 4,GY4N5,TJPN25C4,TJPN25P4,GY4N5,XCME.GY4.22JUL25,ZNU5,9/19/2025 12:01,GY4N5 C11100,GY4N5 C011100,XCME.GY4.22JUL25.11.C,XCMEOCADPS20250722N0GY4,XCME.ZN.N.G.22JUL25,CALL/PUT JUL 25 CBT 10YR TNOTE W4 TUES OPT,jul25 wk4 tue ty
7/9/2025,7/23/2025 14:00,10-Year Treasury Note Wednesday Weekly Options Wk 4,WY4N5,TYWN25C4,TYWN25P4,WY4N5,XCME.WY4.23JUL25,ZNU5,9/19/2025 12:01,WY4N5 C11100,WY4N5 C011100,XCME.WY4.23JUL25.11.C,XCMEOCADPS20250723N0WY4,XCME.ZN.N.G.23JUL25,CALL/PUT JUL 25 CBT 10YR TNOTE WED WK4,jul25 wk4 wed ty
7/10/2025,7/24/2025 14:00,10-Year Treasury Note Thursday Weekly Options - Week 4,HY4N5,TJWN25C4,TJWN25P4,HY4N5,XCME.HY4.24JUL25,ZNU5,9/19/2025 12:01,HY4N5 C11100,HY4N5 C011100,XCME.HY4.24JUL25.11.C,XCMEOCADPS20250724N0HY4,XCME.ZN.N.G.24JUL25,CALL/PUT JUL 25 CBT 10YR TNOTE W4 THURS OPT,jul25 wk4 thu ty
3/21/2025,7/25/2025 16:00,10-Year T-Note Options,OZNQ5,TYQ5C,TYQ5P,OZNQ5,XCME.OZN.AUG25,ZNU5,9/19/2025 12:01,OZNQ5 C11100,OZNQ5 C011100,XCME.OZN.AUG25.11.C,XCMEOCADPS20250725Q0OZN,XCME.ZN.N.G.25JUL25,CALL/PUT JUL 25 CBT 10YR TNOTE,jul25 wk4 fri ty
7/14/2025,7/28/2025 14:00,10-Year Treasury Note Monday Weekly Options - Week 4,VY4N5,VBYN25C4,VBYN25P4,VY4N5,XCME.VY4.28JUL25,ZNU5,9/19/2025 12:01,VY4N5 C11100,VY4N5 C011100,XCME.VY4.28JUL25.11.C,XCMEOCADPS20250728N0VY4,XCME.ZN.N.G.28JUL25,CALL/PUT JUL 25 CBT 10YR TNOTE,jul25 wk4 mon ty
7/15/2025,7/29/2025 14:00,10-Year Treasury Note Tuesday Weekly Options - Week 5,GY5N5,TJPN25C5,TJPN25P5,GY5N5,XCME.GY5.29JUL25,ZNU5,9/19/2025 12:01,GY5N5 C11100,GY5N5 C011100,XCME.GY5.29JUL25.11.C,XCMEOCADPS20250729N0GY5,XCME.ZN.N.G.29JUL25,CALL/PUT JUL 25 CBT 10YR TNOTE W5 TUES OPT,jul25 wk5 tue ty
7/16/2025,7/30/2025 14:00,10-Year Treasury Note Wednesday Weekly Options Wk 5,WY5N5,TYWN25C5,TYWN25P5,WY5N5,XCME.WY5.30JUL25,ZNU5,9/19/2025 12:01,WY5N5 C11100,WY5N5 C011100,XCME.WY5.30JUL25.11.C,XCMEOCADPS20250730N0WY5,XCME.ZN.N.G.30JUL25,CALL/PUT JUL 25 CBT 10YR TNOTE WED WK5,jul25 wk5 wed ty
7/17/2025,7/31/2025 14:00,10-Year Treasury Note Thursday Weekly Options - Week 5,HY5N5,TJWN25C5,TJWN25P5,HY5N5,XCME.HY5.31JUL25,ZNU5,9/19/2025 12:01,HY5N5 C11100,HY5N5 C011100,XCME.HY5.31JUL25.11.C,XCMEOCADPS20250731N0HY5,XCME.ZN.N.G.31JUL25,CALL/PUT JUL 25 CBT 10YR TNOTE W5 THURS OPT,jul25 wk5 thu ty
7/3/2025,8/1/2025 16:00,10-Year T-Note Weekly Options Wk 1,ZN1Q5,1MQ5C,1MQ5P,ZN1Q5,XCME.ZN1.01AUG25,ZNU5,9/19/2025 12:01,ZN1Q5 C11100,ZN1Q5 C011100,XCME.ZN1.01AUG25.11.C,XCMEOCADPS20250801Q0ZN1,XCME.ZN.N.G.01AUG25,CALL/PUT AUG 25 CBT 10YR TNOTE WKLY WK1,aug25 wk1 fri ty
7/22/2025,8/4/2025 14:00,10-Year Treasury Note Monday Weekly Options - Week 1,VY1Q5,VBYQ25C1,VBYQ25P1,VY1Q5,XCME.VY1.04AUG25,ZNU5,9/19/2025 12:01,VY1Q5 C11100,VY1Q5 C011100,XCME.VY1.04AUG25.11.C,XCMEOCADPS20250804Q0VY1,XCME.ZN.N.G.04AUG25,CALL/PUT AUG 25 CBT 10YR TNOTE,aug25 wk1 mon ty
7/23/2025,8/5/2025 14:00,10-Year Treasury Note Tuesday Weekly Options - Week 1,GY1Q5,TJPQ25C1,TJPQ25P1,GY1Q5,XCME.GY1.05AUG25,ZNU5,9/19/2025 12:01,GY1Q5 C11100,GY1Q5 C011100,XCME.GY1.05AUG25.11.C,XCMEOCADPS20250805Q0GY1,XCME.ZN.N.G.05AUG25,CALL/PUT AUG 25 CBT 10YR TNOTE W1 TUES OPT,aug25 wk1 tue ty
7/24/2025,8/6/2025 14:00,10-Year Treasury Note Wednesday Weekly Options Wk 1,WY1Q5,TYWQ25C1,TYWQ25P1,WY1Q5,XCME.WY1.06AUG25,ZNU5,9/19/2025 12:01,WY1Q5 C11100,WY1Q5 C011100,XCME.WY1.06AUG25.11.C,XCMEOCADPS20250806Q0WY1,XCME.ZN.N.G.06AUG25,CALL/PUT AUG 25 CBT 10YR TNOTE WED WK1,aug25 wk1 wed ty
7/25/2025,8/7/2025 14:00,10-Year Treasury Note Thursday Weekly Options - Week 1,HY1Q5,TJWQ25C1,TJWQ25P1,HY1Q5,XCME.HY1.07AUG25,ZNU5,9/19/2025 12:01,HY1Q5 C11100,HY1Q5 C011100,XCME.HY1.07AUG25.11.C,XCMEOCADPS20250807Q0HY1,XCME.ZN.N.G.07AUG25,CALL/PUT AUG 25 CBT 10YR TNOTE W1 THURS OPT,aug25 wk1 thu ty
7/11/2025,8/8/2025 16:00,10-Year T-Note Weekly Options Wk 2,ZN2Q5,2MQ5C,2MQ5P,ZN2Q5,XCME.ZN2.08AUG25,ZNU5,9/19/2025 12:01,ZN2Q5 C11100,ZN2Q5 C011100,XCME.ZN2.08AUG25.11.C,XCMEOCADPS20250808Q0ZN2,XCME.ZN.N.G.08AUG25,CALL/PUT AUG 25 CBT 10YR TNOTE WKLY WK2,aug25 wk2 fri ty
7/29/2025,8/11/2025 14:00,10-Year Treasury Note Monday Weekly Options - Week 2,VY2Q5,VBYQ25C2,VBYQ25P2,VY2Q5,XCME.VY2.11AUG25,ZNU5,9/19/2025 12:01,VY2Q5 C11100,VY2Q5 C011100,XCME.VY2.11AUG25.11.C,XCMEOCADPS20250811Q0VY2,XCME.ZN.N.G.11AUG25,CALL/PUT AUG 25 CBT 10YR TNOTE,aug25 wk2 mon ty
7/30/2025,8/12/2025 14:00,10-Year Treasury Note Tuesday Weekly Options - Week 2,GY2Q5,TJPQ25C2,TJPQ25P2,GY2Q5,XCME.GY2.12AUG25,ZNU5,9/19/2025 12:01,GY2Q5 C11100,GY2Q5 C011100,XCME.GY2.12AUG25.11.C,XCMEOCADPS20250812Q0GY2,XCME.ZN.N.G.12AUG25,CALL/PUT AUG 25 CBT 10YR TNOTE W2 TUES OPT,aug25 wk2 tue ty
7/31/2025,8/13/2025 14:00,10-Year Treasury Note Wednesday Weekly Options Wk 2,WY2Q5,TYWQ25C2,TYWQ25P2,WY2Q5,XCME.WY2.13AUG25,ZNU5,9/19/2025 12:01,WY2Q5 C11100,WY2Q5 C011100,XCME.WY2.13AUG25.11.C,XCMEOCADPS20250813Q0WY2,XCME.ZN.N.G.13AUG25,CALL/PUT AUG 25 CBT 10YR TNOTE WED WK2,aug25 wk2 wed ty
8/1/2025,8/14/2025 14:00,10-Year Treasury Note Thursday Weekly Options - Week 2,HY2Q5,TJWQ25C2,TJWQ25P2,HY2Q5,XCME.HY2.14AUG25,ZNU5,9/19/2025 12:01,HY2Q5 C11100,HY2Q5 C011100,XCME.HY2.14AUG25.11.C,XCMEOCADPS20250814Q0HY2,XCME.ZN.N.G.14AUG25,CALL/PUT AUG 25 CBT 10YR TNOTE W2 THURS OPT,aug25 wk2 thu ty
7/21/2025,8/15/2025 17:00,10-Year T-Note Weekly Options Wk 3,ZN3Q5,3MQ5C,3MQ5P,ZN3Q5,XCME.ZN3.15AUG25,ZNU5,9/19/2025 12:01,ZN3Q5 C11100,ZN3Q5 C011100,XCME.ZN3.15AUG25.11.C,XCMEOCADPS20250815Q0ZN3,XCME.ZN.N.G.15AUG25,CALL/PUT AUG 25 CBT 10YR TNOTE WKLY WK3,aug25 wk3 fri ty
8/5/2025,8/18/2025 14:00,10-Year Treasury Note Monday Weekly Options - Week 3,VY3Q5,VBYQ25C3,VBYQ25P3,VY3Q5,XCME.VY3.18AUG25,ZNU5,9/19/2025 12:01,VY3Q5 C11100,VY3Q5 C011100,XCME.VY3.18AUG25.11.C,XCMEOCADPS20250818Q0VY3,XCME.ZN.N.G.18AUG25,CALL/PUT AUG 25 CBT 10YR TNOTE,aug25 wk3 mon ty
7/16/2025,8/19/2025 14:00,10-Year Treasury Note Tuesday Weekly Options - Week 3,GY3Q5,TJPQ25C3,TJPQ25P3,GY3Q5,XCME.GY3.19AUG25,ZNU5,9/19/2025 12:01,GY3Q5 C11100,GY3Q5 C011100,XCME.GY3.19AUG25.11.C,XCMEOCADPS20250819Q0GY3,XCME.ZN.N.G.19AUG25,CALL/PUT AUG 25 CBT 10YR TNOTE W3 TUES OPT,aug25 wk3 tue ty
8/7/2025,8/20/2025 14:00,10-Year Treasury Note Wednesday Weekly Options Wk 3,WY3Q5,TYWQ25C3,TYWQ25P3,WY3Q5,XCME.WY3.20AUG25,ZNU5,9/19/2025 12:01,WY3Q5 C11100,WY3Q5 C011100,XCME.WY3.20AUG25.11.C,XCMEOCADPS20250820Q0WY3,XCME.ZN.N.G.20AUG25,CALL/PUT AUG 25 CBT 10YR TNOTE WED WK3,aug25 wk3 wed ty
7/18/2025,8/21/2025 14:00,10-Year Treasury Note Thursday Weekly Options - Week 3,HY3Q5,TJWQ25C3,TJWQ25P3,HY3Q5,XCME.HY3.21AUG25,ZNU5,9/19/2025 12:01,HY3Q5 C11100,HY3Q5 C011100,XCME.HY3.21AUG25.11.C,XCMEOCADPS20250821Q0HY3,XCME.ZN.N.G.21AUG25,CALL/PUT AUG 25 CBT 10YR TNOTE W3 THURS OPT,aug25 wk3 thu ty
12/19/2024,8/22/2025 16:00,10-Year T-Note Options,OZNU5,TYU5C,TYU5P,OZNU5,XCME.OZN.SEP25,ZNU5,9/19/2025 12:01,OZNU5 C11100,OZNU5 C011100,XCME.OZN.SEP25.11.C,XCMEOCADPS20250822U0OZN,XCME.ZN.N.G.22AUG25,CALL/PUT AUG 25 CBT 10YR TNOTE,aug25 wk4 fri ty
8/12/2025,8/25/2025 14:00,10-Year Treasury Note Monday Weekly Options - Week 4,VY4Q5,VBYQ25C4,VBYQ25P4,VY4Q5,XCME.VY4.25AUG25,ZNZ5,12/19/2025 12:01,VY4Q5 C11100,VY4Q5 C011100,XCME.VY4.25AUG25.11.C,XCMEOCADPS20250825Q0VY4,XCME.ZN.N.G.25AUG25,CALL/PUT AUG 25 CBT 10YR TNOTE,aug25 wk4 mon ty
7/23/2025,8/26/2025 14:00,10-Year Treasury Note Tuesday Weekly Options - Week 4,GY4Q5,TJPQ25C4,TJPQ25P4,GY4Q5,XCME.GY4.26AUG25,ZNZ5,12/19/2025 12:01,GY4Q5 C11100,GY4Q5 C011100,XCME.GY4.26AUG25.11.C,XCMEOCADPS20250826Q0GY4,XCME.ZN.N.G.26AUG25,CALL/PUT AUG 25 CBT 10YR TNOTE W4 TUES OPT,aug25 wk4 tue ty
8/14/2025,8/27/2025 14:00,10-Year Treasury Note Wednesday Weekly Options Wk 4,WY4Q5,TYWQ25C4,TYWQ25P4,WY4Q5,XCME.WY4.27AUG25,ZNZ5,12/19/2025 12:01,WY4Q5 C11100,WY4Q5 C011100,XCME.WY4.27AUG25.11.C,XCMEOCADPS20250827Q0WY4,XCME.ZN.N.G.27AUG25,CALL/PUT AUG 25 CBT 10YR TNOTE WED WK4,aug25 wk4 wed ty
7/25/2025,8/28/2025 14:00,10-Year Treasury Note Thursday Weekly Options - Week 4,HY4Q5,TJWQ25C4,TJWQ25P4,HY4Q5,XCME.HY4.28AUG25,ZNZ5,12/19/2025 12:01,HY4Q5 C11100,HY4Q5 C011100,XCME.HY4.28AUG25.11.C,XCMEOCADPS20250828Q0HY4,XCME.ZN.N.G.28AUG25,CALL/PUT AUG 25 CBT 10YR TNOTE W4 THURS OPT,aug25 wk4 thu ty
8/4/2025,8/29/2025 16:00,10-Year T-Note Weekly Options Wk 5,ZN5Q5,5MQ5C,5MQ5P,ZN5Q5,XCME.ZN5.29AUG25,ZNZ5,12/19/2025 12:01,ZN5Q5 C11100,ZN5Q5 C011100,XCME.ZN5.29AUG25.11.C,XCMEOCADPS20250829Q0ZN5,XCME.ZN.N.G.29AUG25,CALL/PUT AUG 25 CBT 10YR TNOTE WKLY WK5,aug25 wk5 fri ty
8/19/2025,9/2/2025 14:00,10-Year Treasury Note Monday Weekly Options - Week 1,VY1U5,VBYU25C1,VBYU25P1,VY1U5,XCME.VY1.01SEP25,ZNZ5,12/19/2025 12:01,VY1U5 C11100,VY1U5 C011100,XCME.VY1.01SEP25.11.C,XCMEOCADPS20250902U0VY1,XCME.ZN.N.G.02SEP25,CALL/PUT SEP 25 CBT 10YR TNOTE W1 TUES OPT,sep25 wk1 tue ty
7/30/2025,9/2/2025 14:00,10-Year Treasury Note Tuesday Weekly Options - Week 1,GY1U5,TJPU25C1,TJPU25P1,GY1U5,XCME.GY1.02SEP25,ZNZ5,12/19/2025 12:01,GY1U5 C11100,GY1U5 C011100,XCME.GY1.02SEP25.11.C,XCMEOCADPS20250902U0GY1,XCME.ZN.N.G.02SEP25,CALL/PUT SEP 25 CBT 10YR TNOTE W1 TUES OPT,sep25 wk1 tue ty
8/21/2025,9/3/2025 14:00,10-Year Treasury Note Wednesday Weekly Options Wk 1,WY1U5,TYWU25C1,TYWU25P1,WY1U5,XCME.WY1.03SEP25,ZNZ5,12/19/2025 12:01,WY1U5 C11100,WY1U5 C011100,XCME.WY1.03SEP25.11.C,XCMEOCADPS20250903U0WY1,XCME.ZN.N.G.03SEP25,CALL/PUT SEP 25 CBT 10YR TNOTE WED WK1,sep25 wk1 wed ty
8/11/2025,9/5/2025 16:00,10-Year T-Note Weekly Options Wk 1,ZN1U5,1MU5C,1MU5P,ZN1U5,XCME.ZN1.05SEP25,ZNZ5,12/19/2025 12:01,ZN1U5 C11100,ZN1U5 C011100,XCME.ZN1.05SEP25.11.C,XCMEOCADPS20250905U0ZN1,XCME.ZN.N.G.05SEP25,CALL/PUT SEP 25 CBT 10YR TNOTE WKLY WK1,sep25 wk1 fri ty
8/26/2025,9/8/2025 14:00,10-Year Treasury Note Monday Weekly Options - Week 2,VY2U5,VBYU25C2,VBYU25P2,VY2U5,XCME.VY2.08SEP25,ZNZ5,12/19/2025 12:01,VY2U5 C11100,VY2U5 C011100,XCME.VY2.08SEP25.11.C,XCMEOCADPS20250908U0VY2,XCME.ZN.N.G.08SEP25,CALL/PUT SEP 25 CBT 10YR TNOTE,sep25 wk2 mon ty
8/6/2025,9/9/2025 14:00,10-Year Treasury Note Tuesday Weekly Options - Week 2,GY2U5,TJPU25C2,TJPU25P2,GY2U5,XCME.GY2.09SEP25,ZNZ5,12/19/2025 12:01,GY2U5 C11100,GY2U5 C011100,XCME.GY2.09SEP25.11.C,XCMEOCADPS20250909U0GY2,XCME.ZN.N.G.09SEP25,CALL/PUT SEP 25 CBT 10YR TNOTE W2 TUES OPT,sep25 wk2 tue ty
8/28/2025,9/10/2025 14:00,10-Year Treasury Note Wednesday Weekly Options Wk 2,WY2U5,TYWU25C2,TYWU25P2,WY2U5,XCME.WY2.10SEP25,ZNZ5,12/19/2025 12:01,WY2U5 C11100,WY2U5 C011100,XCME.WY2.10SEP25.11.C,XCMEOCADPS20250910U0WY2,XCME.ZN.N.G.10SEP25,CALL/PUT SEP 25 CBT 10YR TNOTE WED WK2,sep25 wk2 wed ty
8/8/2025,9/11/2025 14:00,10-Year Treasury Note Thursday Weekly Options - Week 2,HY2U5,TJWU25C2,TJWU25P2,HY2U5,XCME.HY2.11SEP25,ZNZ5,12/19/2025 12:01,HY2U5 C11100,HY2U5 C011100,XCME.HY2.11SEP25.11.C,XCMEOCADPS20250911U0HY2,XCME.ZN.N.G.11SEP25,CALL/PUT SEP 25 CBT 10YR TNOTE W2 THURS OPT,sep25 wk2 thu ty
8/18/2025,9/12/2025 16:00,10-Year T-Note Weekly Options Wk 2,ZN2U5,2MU5C,2MU5P,ZN2U5,XCME.ZN2.12SEP25,ZNZ5,12/19/2025 12:01,ZN2U5 C11100,ZN2U5 C011100,XCME.ZN2.12SEP25.11.C,XCMEOCADPS20250912U0ZN2,XCME.ZN.N.G.12SEP25,CALL/PUT SEP 25 CBT 10YR TNOTE WKLY WK2,sep25 wk2 fri ty
9/3/2025,9/15/2025 14:00,10-Year Treasury Note Monday Weekly Options - Week 3,VY3U5,VBYU25C3,VBYU25P3,VY3U5,XCME.VY3.15SEP25,ZNZ5,12/19/2025 12:01,VY3U5 C11100,VY3U5 C011100,XCME.VY3.15SEP25.11.C,XCMEOCADPS20250915U0VY3,XCME.ZN.N.G.15SEP25,CALL/PUT SEP 25 CBT 10YR TNOTE,sep25 wk3 mon ty
8/13/2025,9/16/2025 14:00,10-Year Treasury Note Tuesday Weekly Options - Week 3,GY3U5,TJPU25C3,TJPU25P3,GY3U5,XCME.GY3.16SEP25,ZNZ5,12/19/2025 12:01,GY3U5 C11100,GY3U5 C011100,XCME.GY3.16SEP25.11.C,XCMEOCADPS20250916U0GY3,XCME.ZN.N.G.16SEP25,CALL/PUT SEP 25 CBT 10YR TNOTE W3 TUES OPT,sep25 wk3 tue ty
9/4/2025,9/17/2025 14:00,10-Year Treasury Note Wednesday Weekly Options Wk 3,WY3U5,TYWU25C3,TYWU25P3,WY3U5,XCME.WY3.17SEP25,ZNZ5,12/19/2025 12:01,WY3U5 C11100,WY3U5 C011100,XCME.WY3.17SEP25.11.C,XCMEOCADPS20250917U0WY3,XCME.ZN.N.G.17SEP25,CALL/PUT SEP 25 CBT 10YR TNOTE WED WK3,sep25 wk3 wed ty
8/15/2025,9/18/2025 14:00,10-Year Treasury Note Thursday Weekly Options - Week 3,HY3U5,TJWU25C3,TJWU25P3,HY3U5,XCME.HY3.18SEP25,ZNZ5,12/19/2025 12:01,HY3U5 C11100,HY3U5 C011100,XCME.HY3.18SEP25.11.C,XCMEOCADPS20250918U0HY3,XCME.ZN.N.G.18SEP25,CALL/PUT SEP 25 CBT 10YR TNOTE W3 THURS OPT,sep25 wk3 thu ty
9/2/2025,9/19/2025 16:00,10-Year T-Note Weekly Options Wk 3,ZN3U5,3MU5C,3MU5P,ZN3U5,XCME.ZN3.19SEP25,ZNZ5,12/19/2025 12:01,ZN3U5 C11100,ZN3U5 C011100,XCME.ZN3.19SEP25.11.C,XCMEOCADPS20250919U0ZN3,XCME.ZN.N.G.19SEP25,CALL/PUT SEP 25 CBT 10YR TNOTE WKLY WK3,sep25 wk3 fri ty
3/19/2025,9/19/2025 12:01,10-Year Treasury Note Future,ZNU5,TYU5 Comdty,TYU5 Comdty,ZNU5,XCME.ZN.SEP25,ZNU5,9/19/2025 12:01,,,XCME.ZN.SEP25,XCMEFFDPSX20250919U0ZN,,SEP 25 CBT 10YR TNOTE,
3/19/2025,9/30/2025 12:01,2-Year Treasury Note Future,ZTU5,TUU5 Comdty,TUU5 Comdty,ZTU5,XCME.ZT.SEP25,ZTU5,9/30/2025 12:01,,,XCME.ZT.SEP25,XCMEFFDPSX20250930U0ZT,,SEP 25 CBT 2YR TNOTE,
3/19/2025,9/30/2025 12:01,5-Year Treasury Note Future,ZFU5,FVU5 Comdty,FVU5 Comdty,ZFU5,XCME.ZF.SEP25,ZFU5,9/30/2025 12:01,,,XCME.ZF.SEP25,XCMEFFDPSX20250930U0ZF,,SEP 25 CBT 5YR TNOTE,
3/19/2025,9/19/2025 12:01,20-Year Treasury Note Future,ZBU5,USU5 Comdty,USU5 Comdty,ZBU5,XCME.ZB.SEP25,ZBU5,9/19/2025 12:01,,,XCME.ZB.SEP25,XCMEFFDPSX20250919U0ZB,,SEP 25 CBT 30YR TBOND,
9/9/2025,9/22/2025 14:00,10-Year Treasury Note Monday Weekly Options - Week 4,VY4U5,VBYU25C4,VBYU25P4,VY4U5,XCME.VY4.22SEP25,ZNZ5,12/19/2025 12:01,VY4U5 C11100,VY4U5 C011100,XCME.VY4.22SEP25.11.C,XCMEOCADPS20250922U0VY4,XCME.ZN.N.G.22SEP25,CALL/PUT SEP 25 CBT 10YR TNOTE,sep25 wk4 mon ty
8/20/2025,9/23/2025 14:00,10-Year Treasury Note Tuesday Weekly Options - Week 4,GY4U5,TJPU25C4,TJPU25P4,GY4U5,XCME.GY4.23SEP25,ZNZ5,12/19/2025 12:01,GY4U5 C11100,GY4U5 C011100,XCME.GY4.23SEP25.11.C,XCMEOCADPS20250923U0GY4,XCME.ZN.N.G.23SEP25,CALL/PUT SEP 25 CBT 10YR TNOTE W4 TUES OPT,sep25 wk4 tue ty
9/11/2025,9/24/2025 14:00,10-Year Treasury Note Wednesday Weekly Options Wk 4,WY4U5,TYWU25C4,TYWU25P4,WY4U5,XCME.WY4.24SEP25,ZNZ5,12/19/2025 12:01,WY4U5 C11100,WY4U5 C011100,XCME.WY4.24SEP25.11.C,XCMEOCADPS20250924U0WY4,XCME.ZN.N.G.24SEP25,CALL/PUT SEP 25 CBT 10YR TNOTE WED WK4,sep25 wk4 wed ty
8/22/2025,9/25/2025 14:00,10-Year Treasury Note Thursday Weekly Options - Week 4,HY4U5,TJWU25C4,TJWU25P4,HY4U5,XCME.HY4.25SEP25,ZNZ5,12/19/2025 12:01,HY4U5 C11100,HY4U5 C011100,XCME.HY4.25SEP25.11.C,XCMEOCADPS20250925U0HY4,XCME.ZN.N.G.25SEP25,CALL/PUT SEP 25 CBT 10YR TNOTE W4 THURS OPT,sep25 wk4 thu ty
4/25/2025,9/26/2025 16:00,10-Year T-Note Options,OZNV5,TYV5C,TYV5P,OZNV5,XCME.OZN.OCT25,ZNZ5,12/19/2025 12:01,OZNV5 C11100,OZNV5 C011100,XCME.OZN.OCT25.11.C,XCMEOCADPS20250926V0OZN,XCME.ZN.N.G.26SEP25,CALL/PUT SEP 25 CBT 10YR TNOTE,sep25 wk4 fri ty
9/16/2025,9/29/2025 14:00,10-Year Treasury Note Monday Weekly Options - Week 5,VY5U5,VBYU25C5,VBYU25P5,VY5U5,XCME.VY5.29SEP25,ZNZ5,12/19/2025 12:01,VY5U5 C11100,VY5U5 C011100,XCME.VY5.29SEP25.11.C,XCMEOCADPS20250929U0VY5,XCME.ZN.N.G.29SEP25,CALL/PUT SEP 25 CBT 10YR TNOTE,sep25 wk5 mon ty
8/27/2025,9/30/2025 14:00,10-Year Treasury Note Tuesday Weekly Options - Week 5,GY5U5,TJPU25C5,TJPU25P5,GY5U5,XCME.GY5.30SEP25,ZNZ5,12/19/2025 12:01,GY5U5 C11100,GY5U5 C011100,XCME.GY5.30SEP25.11.C,XCMEOCADPS20250930U0GY5,XCME.ZN.N.G.30SEP25,CALL/PUT SEP 25 CBT 10YR TNOTE W5 TUES OPT,sep25 wk5 tue ty
9/18/2025,10/1/2025 14:00,10-Year Treasury Note Wednesday Weekly Options Wk 1,WY1V5,TYWV25C1,TYWV25P1,WY1V5,XCME.WY1.01OCT25,ZNZ5,12/19/2025 12:01,WY1V5 C11100,WY1V5 C011100,XCME.WY1.01OCT25.11.C,XCMEOCADPS20251001V0WY1,XCME.ZN.N.G.01OCT25,CALL/PUT OCT 25 CBT 10YR TNOTE WED WK1,oct25 wk1 wed ty
9/8/2025,10/3/2025 16:00,10-Year T-Note Weekly Options Wk 1,ZN1V5,1MV5C,1MV5P,ZN1V5,XCME.ZN1.03OCT25,ZNZ5,12/19/2025 12:01,ZN1V5 C11100,ZN1V5 C011100,XCME.ZN1.03OCT25.11.C,XCMEOCADPS20251003V0ZN1,XCME.ZN.N.G.03OCT25,CALL/PUT OCT 25 CBT 10YR TNOTE WKLY WK1,oct25 wk1 fri ty
9/23/2025,10/6/2025 14:00,10-Year Treasury Note Monday Weekly Options - Week 1,VY1V5,VBYV25C1,VBYV25P1,VY1V5,XCME.VY1.06OCT25,ZNZ5,12/19/2025 12:01,VY1V5 C11100,VY1V5 C011100,XCME.VY1.06OCT25.11.C,XCMEOCADPS20251006V0VY1,XCME.ZN.N.G.06OCT25,CALL/PUT OCT 25 CBT 10YR TNOTE,oct25 wk1 mon ty
9/3/2025,10/7/2025 14:00,10-Year Treasury Note Tuesday Weekly Options - Week 1,GY1V5,TJPV25C1,TJPV25P1,GY1V5,XCME.GY1.07OCT25,ZNZ5,12/19/2025 12:01,GY1V5 C11100,GY1V5 C011100,XCME.GY1.07OCT25.11.C,XCMEOCADPS20251007V0GY1,XCME.ZN.N.G.07OCT25,CALL/PUT OCT 25 CBT 10YR TNOTE W1 TUES OPT,oct25 wk1 tue ty
9/25/2025,10/8/2025 14:00,10-Year Treasury Note Wednesday Weekly Options Wk 2,WY2V5,TYWV25C2,TYWV25P2,WY2V5,XCME.WY2.08OCT25,ZNZ5,12/19/2025 12:01,WY2V5 C11100,WY2V5 C011100,XCME.WY2.08OCT25.11.C,XCMEOCADPS20251008V0WY2,XCME.ZN.N.G.08OCT25,CALL/PUT OCT 25 CBT 10YR TNOTE WED WK2,oct25 wk2 wed ty
9/5/2025,10/9/2025 14:00,10-Year Treasury Note Thursday Weekly Options - Week 2,HY2V5,TJWV25C2,TJWV25P2,HY2V5,XCME.HY2.09OCT25,ZNZ5,12/19/2025 12:01,HY2V5 C11100,HY2V5 C011100,XCME.HY2.09OCT25.11.C,XCMEOCADPS20251009V0HY2,XCME.ZN.N.G.09OCT25,CALL/PUT OCT 25 CBT 10YR TNOTE W2 THURS OPT,oct25 wk2 thu ty
9/15/2025,10/10/2025 16:00,10-Year T-Note Weekly Options Wk 2,ZN2V5,2MV5C,2MV5P,ZN2V5,XCME.ZN2.10OCT25,ZNZ5,12/19/2025 12:01,ZN2V5 C11100,ZN2V5 C011100,XCME.ZN2.10OCT25.11.C,XCMEOCADPS20251010V0ZN2,XCME.ZN.N.G.10OCT25,CALL/PUT OCT 25 CBT 10YR TNOTE WKLY WK2,oct25 wk2 fri ty
9/30/2025,10/13/2025 14:00,10-Year Treasury Note Monday Weekly Options - Week 2,VY2V5,VBYV25C2,VBYV25P2,VY2V5,XCME.VY2.13OCT25,ZNZ5,12/19/2025 12:01,VY2V5 C11100,VY2V5 C011100,XCME.VY2.13OCT25.11.C,XCMEOCADPS20251013V0VY2,XCME.ZN.N.G.13OCT25,CALL/PUT OCT 25 CBT 10YR TNOTE,oct25 wk2 mon ty
9/10/2025,10/14/2025 14:00,10-Year Treasury Note Tuesday Weekly Options - Week 2,GY2V5,TJPV25C2,TJPV25P2,GY2V5,XCME.GY2.14OCT25,ZNZ5,12/19/2025 12:01,GY2V5 C11100,GY2V5 C011100,XCME.GY2.14OCT25.11.C,XCMEOCADPS20251014V0GY2,XCME.ZN.N.G.14OCT25,CALL/PUT OCT 25 CBT 10YR TNOTE W2 TUES OPT,oct25 wk2 tue ty
10/2/2025,10/15/2025 14:00,10-Year Treasury Note Wednesday Weekly Options Wk 3,WY3V5,TYWV25C3,TYWV25P3,WY3V5,XCME.WY3.15OCT25,ZNZ5,12/19/2025 12:01,WY3V5 C11100,WY3V5 C011100,XCME.WY3.15OCT25.11.C,XCMEOCADPS20251015V0WY3,XCME.ZN.N.G.15OCT25,CALL/PUT OCT 25 CBT 10YR TNOTE WED WK3,oct25 wk3 wed ty
9/12/2025,10/16/2025 14:00,10-Year Treasury Note Thursday Weekly Options - Week 3,HY3V5,TJWV25C3,TJWV25P3,HY3V5,XCME.HY3.16OCT25,ZNZ5,12/19/2025 12:01,HY3V5 C11100,HY3V5 C011100,XCME.HY3.16OCT25.11.C,XCMEOCADPS20251016V0HY3,XCME.ZN.N.G.16OCT25,CALL/PUT OCT 25 CBT 10YR TNOTE W3 THURS OPT,oct25 wk3 thu ty
9/22/2025,10/17/2025 16:00,10-Year T-Note Weekly Options Wk 3,ZN3V5,3MV5C,3MV5P,ZN3V5,XCME.ZN3.17OCT25,ZNZ5,12/19/2025 12:01,ZN3V5 C11100,ZN3V5 C011100,XCME.ZN3.17OCT25.11.C,XCMEOCADPS20251017V0ZN3,XCME.ZN.N.G.17OCT25,CALL/PUT OCT 25 CBT 10YR TNOTE WKLY WK3,oct25 wk3 fri ty
10/7/2025,10/20/2025 14:00,10-Year Treasury Note Monday Weekly Options - Week 3,VY3V5,VBYV25C3,VBYV25P3,VY3V5,XCME.VY3.20OCT25,ZNZ5,12/19/2025 12:01,VY3V5 C11100,VY3V5 C011100,XCME.VY3.20OCT25.11.C,XCMEOCADPS20251020V0VY3,XCME.ZN.N.G.20OCT25,CALL/PUT OCT 25 CBT 10YR TNOTE,oct25 wk3 mon ty
9/17/2025,10/21/2025 14:00,10-Year Treasury Note Tuesday Weekly Options - Week 3,GY3V5,TJPV25C3,TJPV25P3,GY3V5,XCME.GY3.21OCT25,ZNZ5,12/19/2025 12:01,GY3V5 C11100,GY3V5 C011100,XCME.GY3.21OCT25.11.C,XCMEOCADPS20251021V0GY3,XCME.ZN.N.G.21OCT25,CALL/PUT OCT 25 CBT 10YR TNOTE W3 TUES OPT,oct25 wk3 tue ty
10/9/2025,10/22/2025 14:00,10-Year Treasury Note Wednesday Weekly Options Wk 4,WY4V5,TYWV25C4,TYWV25P4,WY4V5,XCME.WY4.22OCT25,ZNZ5,12/19/2025 12:01,WY4V5 C11100,WY4V5 C011100,XCME.WY4.22OCT25.11.C,XCMEOCADPS20251022V0WY4,XCME.ZN.N.G.22OCT25,CALL/PUT OCT 25 CBT 10YR TNOTE WED WK4,oct25 wk4 wed ty
9/19/2025,10/23/2025 14:00,10-Year Treasury Note Thursday Weekly Options - Week 4,HY4V5,TJWV25C4,TJWV25P4,HY4V5,XCME.HY4.23OCT25,ZNZ5,12/19/2025 12:01,HY4V5 C11100,HY4V5 C011100,XCME.HY4.23OCT25.11.C,XCMEOCADPS20251023V0HY4,XCME.ZN.N.G.23OCT25,CALL/PUT OCT 25 CBT 10YR TNOTE W4 THURS OPT,oct25 wk4 thu ty
6/20/2025,10/24/2025 16:00,10-Year T-Note Options,OZNX5,TYX5C,TYX5P,OZNX5,XCME.OZN.NOV25,ZNZ5,12/19/2025 12:01,OZNX5 C11100,OZNX5 C011100,XCME.OZN.NOV25.11.C,XCMEOCADPS20251024X0OZN,XCME.ZN.N.G.24OCT25,CALL/PUT OCT 25 CBT 10YR TNOTE,oct25 wk4 fri ty
10/14/2025,10/27/2025 14:00,10-Year Treasury Note Monday Weekly Options - Week 4,VY4V5,VBYV25C4,VBYV25P4,VY4V5,XCME.VY4.27OCT25,ZNZ5,12/19/2025 12:01,VY4V5 C11100,VY4V5 C011100,XCME.VY4.27OCT25.11.C,XCMEOCADPS20251027V0VY4,XCME.ZN.N.G.27OCT25,CALL/PUT OCT 25 CBT 10YR TNOTE,oct25 wk4 mon ty
9/24/2025,10/28/2025 14:00,10-Year Treasury Note Tuesday Weekly Options - Week 4,GY4V5,TJPV25C4,TJPV25P4,GY4V5,XCME.GY4.28OCT25,ZNZ5,12/19/2025 12:01,GY4V5 C11100,GY4V5 C011100,XCME.GY4.28OCT25.11.C,XCMEOCADPS20251028V0GY4,XCME.ZN.N.G.28OCT25,CALL/PUT OCT 25 CBT 10YR TNOTE W4 TUES OPT,oct25 wk4 tue ty
10/16/2025,10/29/2025 14:00,10-Year Treasury Note Wednesday Weekly Options Wk 5,WY5V5,TYWV25C5,TYWV25P5,WY5V5,XCME.WY5.29OCT25,ZNZ5,12/19/2025 12:01,WY5V5 C11100,WY5V5 C011100,XCME.WY5.29OCT25.11.C,XCMEOCADPS20251029V0WY5,XCME.ZN.N.G.29OCT25,CALL/PUT OCT 25 CBT 10YR TNOTE WED WK5,oct25 wk5 wed ty
9/26/2025,10/30/2025 14:00,10-Year Treasury Note Thursday Weekly Options - Week 5,HY5V5,TJWV25C5,TJWV25P5,HY5V5,XCME.HY5.30OCT25,ZNZ5,12/19/2025 12:01,HY5V5 C11100,HY5V5 C011100,XCME.HY5.30OCT25.11.C,XCMEOCADPS20251030V0HY5,XCME.ZN.N.G.30OCT25,CALL/PUT OCT 25 CBT 10YR TNOTE W5 THURS OPT,oct25 wk5 thu ty
10/6/2025,10/31/2025 16:00,10-Year T-Note Weekly Options Wk 5,ZN5V5,5MV5C,5MV5P,ZN5V5,XCME.ZN5.31OCT25,ZNZ5,12/19/2025 12:01,ZN5V5 C11100,ZN5V5 C011100,XCME.ZN5.31OCT25.11.C,XCMEOCADPS20251031V0ZN5,XCME.ZN.N.G.31OCT25,CALL/PUT OCT 25 CBT 10YR TNOTE WKLY WK5,oct25 wk5 fri ty
10/21/2025,11/3/2025 13:00,10-Year Treasury Note Monday Weekly Options - Week 1,VY1X5,VBYX25C1,VBYX25P1,VY1X5,XCME.VY1.03NOV25,ZNZ5,12/19/2025 12:01,VY1X5 C11100,VY1X5 C011100,XCME.VY1.03NOV25.11.C,XCMEOCADPS20251103X0VY1,XCME.ZN.N.G.03NOV25,CALL/PUT NOV 25 CBT 10YR TNOTE,nov25 wk1 mon ty
10/1/2025,11/4/2025 13:00,10-Year Treasury Note Tuesday Weekly Options - Week 1,GY1X5,TJPX25C1,TJPX25P1,GY1X5,XCME.GY1.04NOV25,ZNZ5,12/19/2025 12:01,GY1X5 C11100,GY1X5 C011100,XCME.GY1.04NOV25.11.C,XCMEOCADPS20251104X0GY1,XCME.ZN.N.G.04NOV25,CALL/PUT NOV 25 CBT 10YR TNOTE W1 TUES OPT,nov25 wk1 tue ty
10/23/2025,11/5/2025 13:00,10-Year Treasury Note Wednesday Weekly Options Wk 1,WY1X5,TYWX25C1,TYWX25P1,WY1X5,XCME.WY1.05NOV25,ZNZ5,12/19/2025 12:01,WY1X5 C11100,WY1X5 C011100,XCME.WY1.05NOV25.11.C,XCMEOCADPS20251105X0WY1,XCME.ZN.N.G.05NOV25,CALL/PUT NOV 25 CBT 10YR TNOTE WED WK1,nov25 wk1 wed ty
10/13/2025,11/7/2025 15:00,10-Year T-Note Weekly Options Wk 1,ZN1X5,1MX5C,1MX5P,ZN1X5,XCME.ZN1.07NOV25,ZNZ5,12/19/2025 12:01,ZN1X5 C11100,ZN1X5 C011100,XCME.ZN1.07NOV25.11.C,XCMEOCADPS20251107X0ZN1,XCME.ZN.N.G.07NOV25,CALL/PUT NOV 25 CBT 10YR TNOTE WKLY WK1,nov25 wk1 fri ty
10/28/2025,11/10/2025 13:00,10-Year Treasury Note Monday Weekly Options - Week 2,VY2X5,VBYX25C2,VBYX25P2,VY2X5,XCME.VY2.10NOV25,ZNZ5,12/19/2025 12:01,VY2X5 C11100,VY2X5 C011100,XCME.VY2.10NOV25.11.C,XCMEOCADPS20251110X0VY2,XCME.ZN.N.G.10NOV25,CALL/PUT NOV 25 CBT 10YR TNOTE,nov25 wk2 mon ty
10/8/2025,11/11/2025 13:00,10-Year Treasury Note Tuesday Weekly Options - Week 2,GY2X5,TJPX25C2,TJPX25P2,GY2X5,XCME.GY2.11NOV25,ZNZ5,12/19/2025 12:01,GY2X5 C11100,GY2X5 C011100,XCME.GY2.11NOV25.11.C,XCMEOCADPS20251111X0GY2,XCME.ZN.N.G.11NOV25,CALL/PUT NOV 25 CBT 10YR TNOTE W2 TUES OPT,nov25 wk2 tue ty
10/30/2025,11/12/2025 13:00,10-Year Treasury Note Wednesday Weekly Options Wk 2,WY2X5,TYWX25C2,TYWX25P2,WY2X5,XCME.WY2.12NOV25,ZNZ5,12/19/2025 12:01,WY2X5 C11100,WY2X5 C011100,XCME.WY2.12NOV25.11.C,XCMEOCADPS20251112X0WY2,XCME.ZN.N.G.12NOV25,CALL/PUT NOV 25 CBT 10YR TNOTE WED WK2,nov25 wk2 wed ty
10/10/2025,11/13/2025 13:00,10-Year Treasury Note Thursday Weekly Options - Week 2,HY2X5,TJWX25C2,TJWX25P2,HY2X5,XCME.HY2.13NOV25,ZNZ5,12/19/2025 12:01,HY2X5 C11100,HY2X5 C011100,XCME.HY2.13NOV25.11.C,XCMEOCADPS20251113X0HY2,XCME.ZN.N.G.13NOV25,CALL/PUT NOV 25 CBT 10YR TNOTE W2 THURS OPT,nov25 wk2 thu ty
10/20/2025,11/14/2025 15:00,10-Year T-Note Weekly Options Wk 2,ZN2X5,2MX5C,2MX5P,ZN2X5,XCME.ZN2.14NOV25,ZNZ5,12/19/2025 12:01,ZN2X5 C11100,ZN2X5 C011100,XCME.ZN2.14NOV25.11.C,XCMEOCADPS20251114X0ZN2,XCME.ZN.N.G.14NOV25,CALL/PUT NOV 25 CBT 10YR TNOTE WKLY WK2,nov25 wk2 fri ty
11/4/2025,11/17/2025 13:00,10-Year Treasury Note Monday Weekly Options - Week 3,VY3X5,VBYX25C3,VBYX25P3,VY3X5,XCME.VY3.17NOV25,ZNZ5,12/19/2025 12:01,VY3X5 C11100,VY3X5 C011100,XCME.VY3.17NOV25.11.C,XCMEOCADPS20251117X0VY3,XCME.ZN.N.G.17NOV25,CALL/PUT NOV 25 CBT 10YR TNOTE,nov25 wk3 mon ty
10/15/2025,11/18/2025 13:00,10-Year Treasury Note Tuesday Weekly Options - Week 3,GY3X5,TJPX25C3,TJPX25P3,GY3X5,XCME.GY3.18NOV25,ZNZ5,12/19/2025 12:01,GY3X5 C11100,GY3X5 C011100,XCME.GY3.18NOV25.11.C,XCMEOCADPS20251118X0GY3,XCME.ZN.N.G.18NOV25,CALL/PUT NOV 25 CBT 10YR TNOTE W3 TUES OPT,nov25 wk3 tue ty
11/6/2025,11/19/2025 13:00,10-Year Treasury Note Wednesday Weekly Options Wk 3,WY3X5,TYWX25C3,TYWX25P3,WY3X5,XCME.WY3.19NOV25,ZNZ5,12/19/2025 12:01,WY3X5 C11100,WY3X5 C011100,XCME.WY3.19NOV25.11.C,XCMEOCADPS20251119X0WY3,XCME.ZN.N.G.19NOV25,CALL/PUT NOV 25 CBT 10YR TNOTE WED WK3,nov25 wk3 wed ty
10/17/2025,11/20/2025 13:00,10-Year Treasury Note Thursday Weekly Options - Week 3,HY3X5,TJWX25C3,TJWX25P3,HY3X5,XCME.HY3.20NOV25,ZNZ5,12/19/2025 12:01,HY3X5 C11100,HY3X5 C011100,XCME.HY3.20NOV25.11.C,XCMEOCADPS20251120X0HY3,XCME.ZN.N.G.20NOV25,CALL/PUT NOV 25 CBT 10YR TNOTE W3 THURS OPT,nov25 wk3 thu ty
3/20/2025,11/21/2025 16:00,10-Year T-Note Options,OZNZ5,TYZ5C,TYZ5P,OZNZ5,XCME.OZN.DEC25,ZNZ5,12/19/2025 12:01,OZNZ5 C11100,OZNZ5 C011100,XCME.OZN.DEC25.11.C,XCMEOCADPS20251121Z0OZN,XCME.ZN.N.G.21NOV25,CALL/PUT NOV 25 CBT 10YR TNOTE,nov25 wk3 fri ty
11/11/2025,11/24/2025 13:00,10-Year Treasury Note Monday Weekly Options - Week 4,VY4X5,VBYX25C4,VBYX25P4,VY4X5,XCME.VY4.24NOV25,ZNH6,3/20/2026 12:01,VY4X5 C11100,VY4X5 C011100,XCME.VY4.24NOV25.11.C,XCMEOCADPS20251124X0VY4,XCME.ZN.N.G.24NOV25,CALL/PUT NOV 25 CBT 10YR TNOTE,nov25 wk4 mon ty
10/22/2025,11/25/2025 13:00,10-Year Treasury Note Tuesday Weekly Options - Week 4,GY4X5,TJPX25C4,TJPX25P4,GY4X5,XCME.GY4.25NOV25,ZNH6,3/20/2026 12:01,GY4X5 C11100,GY4X5 C011100,XCME.GY4.25NOV25.11.C,XCMEOCADPS20251125X0GY4,XCME.ZN.N.G.25NOV25,CALL/PUT NOV 25 CBT 10YR TNOTE W4 TUES OPT,nov25 wk4 tue ty
11/13/2025,11/26/2025 13:00,10-Year Treasury Note Wednesday Weekly Options Wk 4,WY4X5,TYWX25C4,TYWX25P4,WY4X5,XCME.WY4.26NOV25,ZNH6,3/20/2026 12:01,WY4X5 C11100,WY4X5 C011100,XCME.WY4.26NOV25.11.C,XCMEOCADPS20251126X0WY4,XCME.ZN.N.G.26NOV25,CALL/PUT NOV 25 CBT 10YR TNOTE WED WK4,nov25 wk4 wed ty
11/3/2025,11/28/2025 15:00,10-Year T-Note Weekly Options Wk 4,ZN4X5,4MX5C,4MX5P,ZN4X5,XCME.ZN4.28NOV25,ZNH6,3/20/2026 12:01,ZN4X5 C11100,ZN4X5 C011100,XCME.ZN4.28NOV25.11.C,XCMEOCADPS20251128X0ZN4,XCME.ZN.N.G.28NOV25,CALL/PUT NOV 25 CBT 10YR TNOTE WKLY WK4,nov25 wk4 fri ty
11/18/2025,12/1/2025 13:00,10-Year Treasury Note Monday Weekly Options - Week 1,VY1Z5,VBYZ25C1,VBYZ25P1,VY1Z5,XCME.VY1.01DEC25,ZNH6,3/20/2026 12:01,VY1Z5 C11100,VY1Z5 C011100,XCME.VY1.01DEC25.11.C,XCMEOCADPS20251201Z0VY1,XCME.ZN.N.G.01DEC25,CALL/PUT DEC 25 CBT 10YR TNOTE,dec25 wk1 mon ty
10/29/2025,12/2/2025 13:00,10-Year Treasury Note Tuesday Weekly Options - Week 1,GY1Z5,TJPZ25C1,TJPZ25P1,GY1Z5,XCME.GY1.02DEC25,ZNH6,3/20/2026 12:01,GY1Z5 C11100,GY1Z5 C011100,XCME.GY1.02DEC25.11.C,XCMEOCADPS20251202Z0GY1,XCME.ZN.N.G.02DEC25,CALL/PUT DEC 25 CBT 10YR TNOTE W1 TUES OPT,dec25 wk1 tue ty
11/20/2025,12/3/2025 13:00,10-Year Treasury Note Wednesday Weekly Options Wk 1,WY1Z5,TYWZ25C1,TYWZ25P1,WY1Z5,XCME.WY1.03DEC25,ZNH6,3/20/2026 12:01,WY1Z5 C11100,WY1Z5 C011100,XCME.WY1.03DEC25.11.C,XCMEOCADPS20251203Z0WY1,XCME.ZN.N.G.03DEC25,CALL/PUT DEC 25 CBT 10YR TNOTE WED WK1,dec25 wk1 wed ty
11/10/2025,12/5/2025 15:00,10-Year T-Note Weekly Options Wk 1,ZN1Z5,1MZ5C,1MZ5P,ZN1Z5,XCME.ZN1.05DEC25,ZNH6,3/20/2026 12:01,ZN1Z5 C11100,ZN1Z5 C011100,XCME.ZN1.05DEC25.11.C,XCMEOCADPS20251205Z0ZN1,XCME.ZN.N.G.05DEC25,CALL/PUT DEC 25 CBT 10YR TNOTE WKLY WK1,dec25 wk1 fri ty
11/25/2025,12/8/2025 13:00,10-Year Treasury Note Monday Weekly Options - Week 2,VY2Z5,VBYZ25C2,VBYZ25P2,VY2Z5,XCME.VY2.08DEC25,ZNH6,3/20/2026 12:01,VY2Z5 C11100,VY2Z5 C011100,XCME.VY2.08DEC25.11.C,XCMEOCADPS20251208Z0VY2,XCME.ZN.N.G.08DEC25,CALL/PUT DEC 25 CBT 10YR TNOTE,dec25 wk2 mon ty
11/5/2025,12/9/2025 13:00,10-Year Treasury Note Tuesday Weekly Options - Week 2,GY2Z5,TJPZ25C2,TJPZ25P2,GY2Z5,XCME.GY2.09DEC25,ZNH6,3/20/2026 12:01,GY2Z5 C11100,GY2Z5 C011100,XCME.GY2.09DEC25.11.C,XCMEOCADPS20251209Z0GY2,XCME.ZN.N.G.09DEC25,CALL/PUT DEC 25 CBT 10YR TNOTE W2 TUES OPT,dec25 wk2 tue ty
11/28/2025,12/10/2025 13:00,10-Year Treasury Note Wednesday Weekly Options Wk 2,WY2Z5,TYWZ25C2,TYWZ25P2,WY2Z5,XCME.WY2.10DEC25,ZNH6,3/20/2026 12:01,WY2Z5 C11100,WY2Z5 C011100,XCME.WY2.10DEC25.11.C,XCMEOCADPS20251210Z0WY2,XCME.ZN.N.G.10DEC25,CALL/PUT DEC 25 CBT 10YR TNOTE WED WK2,dec25 wk2 wed ty
10/31/2025,12/11/2025 13:00,10-Year Treasury Note Thursday Weekly Options - Week 2,HY2Z5,TJWZ25C2,TJWZ25P2,HY2Z5,XCME.HY2.11DEC25,ZNH6,3/20/2026 12:01,HY2Z5 C11100,HY2Z5 C011100,XCME.HY2.11DEC25.11.C,XCMEOCADPS20251211Z0HY2,XCME.ZN.N.G.11DEC25,CALL/PUT DEC 25 CBT 10YR TNOTE W2 THURS OPT,dec25 wk2 thu ty
11/17/2025,12/12/2025 15:00,10-Year T-Note Weekly Options Wk 2,ZN2Z5,2MZ5C,2MZ5P,ZN2Z5,XCME.ZN2.12DEC25,ZNH6,3/20/2026 12:01,ZN2Z5 C11100,ZN2Z5 C011100,XCME.ZN2.12DEC25.11.C,XCMEOCADPS20251212Z0ZN2,XCME.ZN.N.G.12DEC25,CALL/PUT DEC 25 CBT 10YR TNOTE WKLY WK2,dec25 wk2 fri ty
12/2/2025,12/15/2025 13:00,10-Year Treasury Note Monday Weekly Options - Week 3,VY3Z5,VBYZ25C3,VBYZ25P3,VY3Z5,XCME.VY3.15DEC25,ZNH6,3/20/2026 12:01,VY3Z5 C11100,VY3Z5 C011100,XCME.VY3.15DEC25.11.C,XCMEOCADPS20251215Z0VY3,XCME.ZN.N.G.15DEC25,CALL/PUT DEC 25 CBT 10YR TNOTE,dec25 wk3 mon ty
11/12/2025,12/16/2025 13:00,10-Year Treasury Note Tuesday Weekly Options - Week 3,GY3Z5,TJPZ25C3,TJPZ25P3,GY3Z5,XCME.GY3.16DEC25,ZNH6,3/20/2026 12:01,GY3Z5 C11100,GY3Z5 C011100,XCME.GY3.16DEC25.11.C,XCMEOCADPS20251216Z0GY3,XCME.ZN.N.G.16DEC25,CALL/PUT DEC 25 CBT 10YR TNOTE W3 TUES OPT,dec25 wk3 tue ty
12/4/2025,12/17/2025 13:00,10-Year Treasury Note Wednesday Weekly Options Wk 3,WY3Z5,TYWZ25C3,TYWZ25P3,WY3Z5,XCME.WY3.17DEC25,ZNH6,3/20/2026 12:01,WY3Z5 C11100,WY3Z5 C011100,XCME.WY3.17DEC25.11.C,XCMEOCADPS20251217Z0WY3,XCME.ZN.N.G.17DEC25,CALL/PUT DEC 25 CBT 10YR TNOTE WED WK3,dec25 wk3 wed ty
11/7/2025,12/18/2025 13:00,10-Year Treasury Note Thursday Weekly Options - Week 3,HY3Z5,TJWZ25C3,TJWZ25P3,HY3Z5,XCME.HY3.18DEC25,ZNH6,3/20/2026 12:01,HY3Z5 C11100,HY3Z5 C011100,XCME.HY3.18DEC25.11.C,XCMEOCADPS20251218Z0HY3,XCME.ZN.N.G.18DEC25,CALL/PUT DEC 25 CBT 10YR TNOTE W3 THURS OPT,dec25 wk3 thu ty
12/1/2025,12/19/2025 15:00,10-Year T-Note Weekly Options Wk 3,ZN3Z5,3MZ5C,3MZ5P,ZN3Z5,XCME.ZN3.19DEC25,ZNH6,3/20/2026 12:01,ZN3Z5 C11100,ZN3Z5 C011100,XCME.ZN3.19DEC25.11.C,XCMEOCADPS20251219Z0ZN3,XCME.ZN.N.G.19DEC25,CALL/PUT DEC 25 CBT 10YR TNOTE WKLY WK3,dec25 wk3 fri ty
3/19/2025,12/19/2025 12:01,10-Year Treasury Note Future,ZNZ5,TYZ5 Comdty,TYZ5 Comdty,ZNZ5,XCME.ZN.DEC25,ZNZ5,12/19/2025 12:01,,,XCME.ZN.DEC25,XCMEFFDPSX20251219Z0ZN,,DEC 25 CBT 10YR TNOTE,
3/19/2025,12/30/2025 12:01,2-Year Treasury Note Future,ZTZ5,TUZ5 Comdty,TUZ5 Comdty,ZTZ5,XCME.ZT.DEC25,ZTZ5,12/30/2025 12:01,,,XCME.ZT.DEC25,XCMEFFDPSX20251230Z0ZT,,DEC 25 CBT 2YR TNOTE,
3/19/2025,12/30/2025 12:01,5-Year Treasury Note Future,ZFZ5,FVZ5 Comdty,FVZ5 Comdty,ZFZ5,XCME.ZF.DEC25,ZFZ5,12/30/2025 12:01,,,XCME.ZF.DEC25,XCMEFFDPSX20251231Z0ZF,,DEC 25 CBT 5YR TNOTE,
3/19/2025,12/19/2025 12:01,20-Year Treasury Note Future,ZBZ5,USZ5 Comdty,USZ5 Comdty,ZBZ5,XCME.ZB.DEC25,ZBZ5,12/19/2025 12:01,,,XCME.ZB.DEC25,XCMEFFDPSX20251219Z0ZB,,DEC 25 CBT 30YR TBOND,
12/9/2025,12/22/2025 13:00,10-Year Treasury Note Monday Weekly Options - Week 4,VY4Z5,VBYZ25C4,VBYZ25P4,VY4Z5,XCME.VY4.22DEC25,ZNH6,3/20/2026 12:01,VY4Z5 C11100,VY4Z5 C011100,XCME.VY4.22DEC25.11.C,XCMEOCADPS20251222Z0VY4,XCME.ZN.N.G.22DEC25,CALL/PUT DEC 25 CBT 10YR TNOTE,dec25 wk4 mon ty
11/19/2025,12/23/2025 13:00,10-Year Treasury Note Tuesday Weekly Options - Week 4,GY4Z5,TJPZ25C4,TJPZ25P4,GY4Z5,XCME.GY4.23DEC25,ZNH6,3/20/2026 12:01,GY4Z5 C11100,GY4Z5 C011100,XCME.GY4.23DEC25.11.C,XCMEOCADPS20251223Z0GY4,XCME.ZN.N.G.23DEC25,CALL/PUT DEC 25 CBT 10YR TNOTE W4 TUES OPT,dec25 wk4 tue ty
12/11/2025,12/24/2025 13:00,10-Year Treasury Note Wednesday Weekly Options Wk 4,WY4Z5,TYWZ25C4,TYWZ25P4,WY4Z5,XCME.WY4.24DEC25,ZNH6,3/20/2026 12:01,WY4Z5 C11100,WY4Z5 C011100,XCME.WY4.24DEC25.11.C,XCMEOCADPS20251224Z0WY4,XCME.ZN.N.G.24DEC25,CALL/PUT DEC 25 CBT 10YR TNOTE WED WK4,dec25 wk4 wed ty
7/28/2025,12/26/2025 16:00,10-Year T-Note Options,OZNF6,TYF5C,TYF5P,OZNF5,XCME.OZN.JAN25,ZNH6,3/20/2026 12:01,OZNF6 C11100,OZNF5 C011100,XCME.OZN.JAN25.11.C,XCMEOCADPS20251226F0OZN,XCME.ZN.N.G.26DEC25,CALL/PUT DEC 25 CBT 10YR TNOTE,dec25 wk4 fri ty
12/16/2025,12/29/2025 13:00,10-Year Treasury Note Monday Weekly Options - Week 5,VY5Z5,VBYZ25C5,VBYZ25P5,VY5Z5,XCME.VY5.29DEC25,ZNH6,3/20/2026 12:01,VY5Z5 C11100,VY5Z5 C011100,XCME.VY5.29DEC25.11.C,XCMEOCADPS20251229Z0VY5,XCME.ZN.N.G.29DEC25,CALL/PUT DEC 25 CBT 10YR TNOTE,dec25 wk5 mon ty
11/26/2025,12/30/2025 13:00,10-Year Treasury Note Tuesday Weekly Options - Week 5,GY5Z5,TJPZ25C5,TJPZ25P5,GY5Z5,XCME.GY5.30DEC25,ZNH6,3/20/2026 12:01,GY5Z5 C11100,GY5Z5 C011100,XCME.GY5.30DEC25.11.C,XCMEOCADPS20251230Z0GY5,XCME.ZN.N.G.30DEC25,CALL/PUT DEC 25 CBT 10YR TNOTE W5 TUES OPT,dec25 wk5 tue ty
12/18/2025,12/31/2025 13:00,10-Year Treasury Note Wednesday Weekly Options Wk 5,WY5Z5,TYWZ25C5,TYWZ25P5,WY5Z5,XCME.WY5.31DEC25,ZNH6,3/20/2026 12:01,WY5Z5 C11100,WY5Z5 C011100,XCME.WY5.31DEC25.11.C,XCMEOCADPS20251231Z0WY5,XCME.ZN.N.G.31DEC25,CALL/PUT DEC 25 CBT 10YR TNOTE WED WK5,dec25 wk5 wed ty
12/8/2025,1/2/2026 15:00,10-Year T-Note Weekly Options Wk 1,ZN1F6,1MF6C,1MF6P,ZN1F6,XCME.ZN1.02JAN26,ZNH6,3/20/2026 12:01,ZN1F6 C11100,ZN1F6 C011100,XCME.ZN1.02JAN26.11.C,XCMEOCADPS20260102F0ZN1,XCME.ZN.N.G.02JAN26,CALL/PUT JAN 26 CBT 10YR TNOTE WKLY WK1,jan26 wk1 fri ty
12/23/2025,1/5/2026 13:00,10-Year Treasury Note Monday Weekly Options - Week 1,VY1F6,VBYF26C1,VBYF26P1,VY1F6,XCME.VY1.05JAN26,ZNH6,3/20/2026 12:01,VY1F6 C11100,VY1F6 C011100,XCME.VY1.05JAN26.11.C,XCMEOCADPS20260105F0VY1,XCME.ZN.N.G.05JAN26,CALL/PUT JAN 26 CBT 10YR TNOTE,jan26 wk1 mon ty
12/3/2025,1/6/2026 13:00,10-Year Treasury Note Tuesday Weekly Options - Week 1,GY1F6,TJPF26C1,TJPF26P1,GY1F6,XCME.GY1.06JAN26,ZNH6,3/20/2026 12:01,GY1F6 C11100,GY1F6 C011100,XCME.GY1.06JAN26.11.C,XCMEOCADPS20260106F0GY1,XCME.ZN.N.G.06JAN26,CALL/PUT JAN 26 CBT 10YR TNOTE W1 TUES OPT,jan26 wk1 tue ty
12/26/2025,1/7/2026 13:00,10-Year Treasury Note Wednesday Weekly Options Wk 1,WY1F6,TYWF26C1,TYWF26P1,WY1F6,XCME.WY1.07JAN26,ZNH6,3/20/2026 12:01,WY1F6 C11100,WY1F6 C011100,XCME.WY1.07JAN26.11.C,XCMEOCADPS20260107F0WY1,XCME.ZN.N.G.07JAN26,CALL/PUT JAN 26 CBT 10YR TNOTE WED WK1,jan26 wk1 wed ty
11/14/2025,1/8/2026 13:00,10-Year Treasury Note Thursday Weekly Options - Week 2,HY2F6,TJWF26C2,TJWF26P2,HY2F6,XCME.HY2.08JAN26,ZNH6,3/20/2026 12:01,HY2F6 C11100,HY2F6 C011100,XCME.HY2.08JAN26.11.C,XCMEOCADPS20260108F0HY2,XCME.ZN.N.G.08JAN26,CALL/PUT JAN 26 CBT 10YR TNOTE W2 THURS OPT,jan26 wk2 thu ty
12/15/2025,1/9/2026 15:00,10-Year T-Note Weekly Options Wk 2,ZN2F6,2MF6C,2MF6P,ZN2F6,XCME.ZN2.09JAN26,ZNH6,3/20/2026 12:01,ZN2F6 C11100,ZN2F6 C011100,XCME.ZN2.09JAN26.11.C,XCMEOCADPS20260109F0ZN2,XCME.ZN.N.G.09JAN26,CALL/PUT JAN 26 CBT 10YR TNOTE WKLY WK2,jan26 wk2 fri ty
12/30/2025,1/12/2026 13:00,10-Year Treasury Note Monday Weekly Options - Week 2,VY2F6,VBYF26C2,VBYF26P2,VY2F6,XCME.VY2.12JAN26,ZNH6,3/20/2026 12:01,VY2F6 C11100,VY2F6 C011100,XCME.VY2.12JAN26.11.C,XCMEOCADPS20260112F0VY2,XCME.ZN.N.G.12JAN26,CALL/PUT JAN 26 CBT 10YR TNOTE,jan26 wk2 mon ty
12/10/2025,1/13/2026 13:00,10-Year Treasury Note Tuesday Weekly Options - Week 2,GY2F6,TJPF26C2,TJPF26P2,GY2F6,XCME.GY2.13JAN26,ZNH6,3/20/2026 12:01,GY2F6 C11100,GY2F6 C011100,XCME.GY2.13JAN26.11.C,XCMEOCADPS20260113F0GY2,XCME.ZN.N.G.13JAN26,CALL/PUT JAN 26 CBT 10YR TNOTE W2 TUES OPT,jan26 wk2 tue ty
1/2/2026,1/14/2026 13:00,10-Year Treasury Note Wednesday Weekly Options Wk 2,WY2F6,TYWF26C2,TYWF26P2,WY2F6,XCME.WY2.14JAN26,ZNH6,3/20/2026 12:01,WY2F6 C11100,WY2F6 C011100,XCME.WY2.14JAN26.11.C,XCMEOCADPS20260114F0WY2,XCME.ZN.N.G.14JAN26,CALL/PUT JAN 26 CBT 10YR TNOTE WED WK2,jan26 wk2 wed ty
11/21/2025,1/15/2026 13:00,10-Year Treasury Note Thursday Weekly Options - Week 3,HY3F6,TJWF26C3,TJWF26P3,HY3F6,XCME.HY3.15JAN26,ZNH6,3/20/2026 12:01,HY3F6 C11100,HY3F6 C011100,XCME.HY3.15JAN26.11.C,XCMEOCADPS20260115F0HY3,XCME.ZN.N.G.15JAN26,CALL/PUT JAN 26 CBT 10YR TNOTE W3 THURS OPT,jan26 wk3 thu ty
12/22/2025,1/16/2026 15:00,10-Year T-Note Weekly Options Wk 3,ZN3F6,3MF6C,3MF6P,ZN3F6,XCME.ZN3.16JAN26,ZNH6,3/20/2026 12:01,ZN3F6 C11100,ZN3F6 C011100,XCME.ZN3.16JAN26.11.C,XCMEOCADPS20260116F0ZN3,XCME.ZN.N.G.16JAN26,CALL/PUT JAN 26 CBT 10YR TNOTE WKLY WK3,jan26 wk3 fri ty
1/6/2026,1/20/2026 13:00,10-Year Treasury Note Monday Weekly Options - Week 3,VY3F6,VBYF26C3,VBYF26P3,VY3F6,XCME.VY3.19JAN26,ZNH6,3/20/2026 12:01,VY3F6 C11100,VY3F6 C011100,XCME.VY3.19JAN26.11.C,XCMEOCADPS20260120F0VY3,XCME.ZN.N.G.20JAN26,CALL/PUT JAN 26 CBT 10YR TNOTE W3 TUES OPT,jan26 wk3 tue ty
12/17/2025,1/20/2026 13:00,10-Year Treasury Note Tuesday Weekly Options - Week 3,GY3F6,TJPF26C3,TJPF26P3,GY3F6,XCME.GY3.20JAN26,ZNH6,3/20/2026 12:01,GY3F6 C11100,GY3F6 C011100,XCME.GY3.20JAN26.11.C,XCMEOCADPS20260120F0GY3,XCME.ZN.N.G.20JAN26,CALL/PUT JAN 26 CBT 10YR TNOTE W3 TUES OPT,jan26 wk3 tue ty
1/8/2026,1/21/2026 13:00,10-Year Treasury Note Wednesday Weekly Options Wk 3,WY3F6,TYWF26C3,TYWF26P3,WY3F6,XCME.WY3.21JAN26,ZNH6,3/20/2026 12:01,WY3F6 C11100,WY3F6 C011100,XCME.WY3.21JAN26.11.C,XCMEOCADPS20260121F0WY3,XCME.ZN.N.G.21JAN26,CALL/PUT JAN 26 CBT 10YR TNOTE WED WK3,jan26 wk3 wed ty
12/5/2025,1/22/2026 13:00,10-Year Treasury Note Thursday Weekly Options - Week 4,HY4F6,TJWF26C4,TJWF26P4,HY4F6,XCME.HY4.22JAN26,ZNH6,3/20/2026 12:01,HY4F6 C11100,HY4F6 C011100,XCME.HY4.22JAN26.11.C,XCMEOCADPS20260122F0HY4,XCME.ZN.N.G.22JAN26,CALL/PUT JAN 26 CBT 10YR TNOTE W4 THURS OPT,jan26 wk4 thu ty
9/29/2025,1/23/2026 16:00,10-Year T-Note Options,OZNG6,TYG6C,TYG6P,OZNG6,XCME.OZN.FEB26,ZNH6,3/20/2026 12:01,OZNG6 C11100,OZNG6 C011100,XCME.OZN.FEB26.11.C,XCMEOCADPS20260123G0OZN,XCME.ZN.N.G.23JAN26,CALL/PUT JAN 26 CBT 10YR TNOTE,jan26 wk4 fri ty
1/13/2026,1/26/2026 13:00,10-Year Treasury Note Monday Weekly Options - Week 4,VY4F6,VBYF26C4,VBYF26P4,VY4F6,XCME.VY4.26JAN26,ZNH6,3/20/2026 12:01,VY4F6 C11100,VY4F6 C011100,XCME.VY4.26JAN26.11.C,XCMEOCADPS20260126F0VY4,XCME.ZN.N.G.26JAN26,CALL/PUT JAN 26 CBT 10YR TNOTE,jan26 wk4 mon ty
12/24/2025,1/27/2026 13:00,10-Year Treasury Note Tuesday Weekly Options - Week 4,GY4F6,TJPF26C4,TJPF26P4,GY4F6,XCME.GY4.27JAN26,ZNH6,3/20/2026 12:01,GY4F6 C11100,GY4F6 C011100,XCME.GY4.27JAN26.11.C,XCMEOCADPS20260127F0GY4,XCME.ZN.N.G.27JAN26,CALL/PUT JAN 26 CBT 10YR TNOTE W4 TUES OPT,jan26 wk4 tue ty
1/15/2026,1/28/2026 13:00,10-Year Treasury Note Wednesday Weekly Options Wk 4,WY4F6,TYWF26C4,TYWF26P4,WY4F6,XCME.WY4.28JAN26,ZNH6,3/20/2026 12:01,WY4F6 C11100,WY4F6 C011100,XCME.WY4.28JAN26.11.C,XCMEOCADPS20260128F0WY4,XCME.ZN.N.G.28JAN26,CALL/PUT JAN 26 CBT 10YR TNOTE WED WK4,jan26 wk4 wed ty
12/12/2025,1/29/2026 13:00,10-Year Treasury Note Thursday Weekly Options - Week 5,HY5F6,TJWF26C5,TJWF26P5,HY5F6,XCME.HY5.29JAN26,ZNH6,3/20/2026 12:01,HY5F6 C11100,HY5F6 C011100,XCME.HY5.29JAN26.11.C,XCMEOCADPS20260129F0HY5,XCME.ZN.N.G.29JAN26,CALL/PUT JAN 26 CBT 10YR TNOTE W5 THURS OPT,jan26 wk5 thu ty
1/5/2026,1/30/2026 15:00,10-Year T-Note Weekly Options Wk 5,ZN5F6,5MF6C,5MF6P,ZN5F6,XCME.ZN5.30JAN26,ZNH6,3/20/2026 12:01,ZN5F6 C11100,ZN5F6 C011100,XCME.ZN5.30JAN26.11.C,XCMEOCADPS20260130F0ZN5,XCME.ZN.N.G.30JAN26,CALL/PUT JAN 26 CBT 10YR TNOTE WKLY WK5,jan26 wk5 fri ty
1/21/2026,2/2/2026 13:00,10-Year Treasury Note Monday Weekly Options - Week 1,VY1G6,VBYG26C1,VBYG26P1,VY1G6,XCME.VY1.02FEB26,ZNH6,3/20/2026 12:01,VY1G6 C11100,VY1G6 C011100,XCME.VY1.02FEB26.11.C,XCMEOCADPS20260202G0VY1,XCME.ZN.N.G.02FEB26,CALL/PUT FEB 26 CBT 10YR TNOTE,feb26 wk1 mon ty
12/31/2025,2/3/2026 13:00,10-Year Treasury Note Tuesday Weekly Options - Week 1,GY1G6,TJPG26C1,TJPG26P1,GY1G6,XCME.GY1.03FEB26,ZNH6,3/20/2026 12:01,GY1G6 C11100,GY1G6 C011100,XCME.GY1.03FEB26.11.C,XCMEOCADPS20260203G0GY1,XCME.ZN.N.G.03FEB26,CALL/PUT FEB 26 CBT 10YR TNOTE W1 TUES OPT,feb26 wk1 tue ty
1/22/2026,2/4/2026 13:00,10-Year Treasury Note Wednesday Weekly Options Wk 1,WY1G6,TYWG26C1,TYWG26P1,WY1G6,XCME.WY1.04FEB26,ZNH6,3/20/2026 12:01,WY1G6 C11100,WY1G6 C011100,XCME.WY1.04FEB26.11.C,XCMEOCADPS20260204G0WY1,XCME.ZN.N.G.04FEB26,CALL/PUT FEB 26 CBT 10YR TNOTE WED WK1,feb26 wk1 wed ty
1/12/2026,2/6/2026 15:00,10-Year T-Note Weekly Options Wk 1,ZN1G6,1MG6C,1MG6P,ZN1G6,XCME.ZN1.06FEB26,ZNH6,3/20/2026 12:01,ZN1G6 C11100,ZN1G6 C011100,XCME.ZN1.06FEB26.11.C,XCMEOCADPS20260206G0ZN1,XCME.ZN.N.G.06FEB26,CALL/PUT FEB 26 CBT 10YR TNOTE WKLY WK1,feb26 wk1 fri ty
1/27/2026,2/9/2026 13:00,10-Year Treasury Note Monday Weekly Options - Week 2,VY2G6,VBYG26C2,VBYG26P2,VY2G6,XCME.VY2.09FEB26,ZNH6,3/20/2026 12:01,VY2G6 C11100,VY2G6 C011100,XCME.VY2.09FEB26.11.C,XCMEOCADPS20260209G0VY2,XCME.ZN.N.G.09FEB26,CALL/PUT FEB 26 CBT 10YR TNOTE,feb26 wk2 mon ty
1/7/2026,2/10/2026 13:00,10-Year Treasury Note Tuesday Weekly Options - Week 2,GY2G6,TJPG26C2,TJPG26P2,GY2G6,XCME.GY2.10FEB26,ZNH6,3/20/2026 12:01,GY2G6 C11100,GY2G6 C011100,XCME.GY2.10FEB26.11.C,XCMEOCADPS20260210G0GY2,XCME.ZN.N.G.10FEB26,CALL/PUT FEB 26 CBT 10YR TNOTE W2 TUES OPT,feb26 wk2 tue ty
1/29/2026,2/11/2026 13:00,10-Year Treasury Note Wednesday Weekly Options Wk 2,WY2G6,TYWG26C2,TYWG26P2,WY2G6,XCME.WY2.11FEB26,ZNH6,3/20/2026 12:01,WY2G6 C11100,WY2G6 C011100,XCME.WY2.11FEB26.11.C,XCMEOCADPS20260211G0WY2,XCME.ZN.N.G.11FEB26,CALL/PUT FEB 26 CBT 10YR TNOTE WED WK2,feb26 wk2 wed ty
1/9/2026,2/12/2026 13:00,10-Year Treasury Note Thursday Weekly Options - Week 2,HY2G6,TJWG26C2,TJWG26P2,HY2G6,XCME.HY2.12FEB26,ZNH6,3/20/2026 12:01,HY2G6 C11100,HY2G6 C011100,XCME.HY2.12FEB26.11.C,XCMEOCADPS20260212G0HY2,XCME.ZN.N.G.12FEB26,CALL/PUT FEB 26 CBT 10YR TNOTE W2 THURS OPT,feb26 wk2 thu ty
1/20/2026,2/13/2026 15:00,10-Year T-Note Weekly Options Wk 2,ZN2G6,2MG6C,2MG6P,ZN2G6,XCME.ZN2.13FEB26,ZNH6,3/20/2026 12:01,ZN2G6 C11100,ZN2G6 C011100,XCME.ZN2.13FEB26.11.C,XCMEOCADPS20260213G0ZN2,XCME.ZN.N.G.13FEB26,CALL/PUT FEB 26 CBT 10YR TNOTE WKLY WK2,feb26 wk2 fri ty
2/3/2026,2/17/2026 13:00,10-Year Treasury Note Monday Weekly Options - Week 3,VY3G6,VBYG26C3,VBYG26P3,VY3G6,XCME.VY3.16FEB26,ZNH6,3/20/2026 12:01,VY3G6 C11100,VY3G6 C011100,XCME.VY3.16FEB26.11.C,XCMEOCADPS20260217G0VY3,XCME.ZN.N.G.17FEB26,CALL/PUT FEB 26 CBT 10YR TNOTE W3 TUES OPT,feb26 wk3 tue ty
1/14/2026,2/17/2026 13:00,10-Year Treasury Note Tuesday Weekly Options - Week 3,GY3G6,TJPG26C3,TJPG26P3,GY3G6,XCME.GY3.17FEB26,ZNH6,3/20/2026 12:01,GY3G6 C11100,GY3G6 C011100,XCME.GY3.17FEB26.11.C,XCMEOCADPS20260217G0GY3,XCME.ZN.N.G.17FEB26,CALL/PUT FEB 26 CBT 10YR TNOTE W3 TUES OPT,feb26 wk3 tue ty
2/5/2026,2/18/2026 13:00,10-Year Treasury Note Wednesday Weekly Options Wk 3,WY3G6,TYWG26C3,TYWG26P3,WY3G6,XCME.WY3.18FEB26,ZNH6,3/20/2026 12:01,WY3G6 C11100,WY3G6 C011100,XCME.WY3.18FEB26.11.C,XCMEOCADPS20260218G0WY3,XCME.ZN.N.G.18FEB26,CALL/PUT FEB 26 CBT 10YR TNOTE WED WK3,feb26 wk3 wed ty
1/16/2026,2/19/2026 13:00,10-Year Treasury Note Thursday Weekly Options - Week 3,HY3G6,TJWG26C3,TJWG26P3,HY3G6,XCME.HY3.19FEB26,ZNH6,3/20/2026 12:01,HY3G6 C11100,HY3G6 C011100,XCME.HY3.19FEB26.11.C,XCMEOCADPS20260219G0HY3,XCME.ZN.N.G.19FEB26,CALL/PUT FEB 26 CBT 10YR TNOTE W3 THURS OPT,feb26 wk3 thu ty
6/18/2025,2/20/2026 16:00,10-Year T-Note Options,OZNH6,TYH6C,TYH6P,OZNH6,XCME.OZN.MAR26,ZNH6,3/20/2026 12:01,OZNH6 C11100,OZNH6 C011100,XCME.OZN.MAR26.11.C,XCMEOCADPS20260220H0OZN,XCME.ZN.N.G.20FEB26,CALL/PUT FEB 26 CBT 10YR TNOTE,feb26 wk3 fri ty
2/10/2026,2/23/2026 13:00,10-Year Treasury Note Monday Weekly Options - Week 4,VY4G6,VBYG26C4,VBYG26P4,VY4G6,XCME.VY4.23FEB26,ZNM6,,VY4G6 C11100,VY4G6 C011100,XCME.VY4.23FEB26.11.C,XCMEOCADPS20260223G0VY4,XCME.ZN.N.G.23FEB26,CALL/PUT FEB 26 CBT 10YR TNOTE,feb26 wk4 mon ty
1/21/2026,2/24/2026 13:00,10-Year Treasury Note Tuesday Weekly Options - Week 4,GY4G6,TJPG26C4,TJPG26P4,GY4G6,XCME.GY4.24FEB26,ZNM6,,GY4G6 C11100,GY4G6 C011100,XCME.GY4.24FEB26.11.C,XCMEOCADPS20260224G0GY4,XCME.ZN.N.G.24FEB26,CALL/PUT FEB 26 CBT 10YR TNOTE W4 TUES OPT,feb26 wk4 tue ty
2/12/2026,2/25/2026 13:00,10-Year Treasury Note Wednesday Weekly Options Wk 4,WY4G6,TYWG26C4,TYWG26P4,WY4G6,XCME.WY4.25FEB26,ZNM6,,WY4G6 C11100,WY4G6 C011100,XCME.WY4.25FEB26.11.C,XCMEOCADPS20260225G0WY4,XCME.ZN.N.G.25FEB26,CALL/PUT FEB 26 CBT 10YR TNOTE WED WK4,feb26 wk4 wed ty
1/23/2026,2/26/2026 13:00,10-Year Treasury Note Thursday Weekly Options - Week 4,HY4G6,TJWG26C4,TJWG26P4,HY4G6,XCME.HY4.26FEB26,ZNM6,,HY4G6 C11100,HY4G6 C011100,XCME.HY4.26FEB26.11.C,XCMEOCADPS20260226G0HY4,XCME.ZN.N.G.26FEB26,CALL/PUT FEB 26 CBT 10YR TNOTE W4 THURS OPT,feb26 wk4 thu ty
2/2/2026,2/27/2026 15:00,10-Year T-Note Weekly Options Wk 4,ZN4G6,4MG6C,4MG6P,ZN4G6,XCME.ZN4.27FEB26,ZNM6,,ZN4G6 C11100,ZN4G6 C011100,XCME.ZN4.27FEB26.11.C,XCMEOCADPS20260227G0ZN4,XCME.ZN.N.G.27FEB26,CALL/PUT FEB 26 CBT 10YR TNOTE WKLY WK4,feb26 wk4 fri ty
2/18/2026,3/2/2026 13:00,10-Year Treasury Note Monday Weekly Options - Week 1,VY1H6,VBYH26C1,VBYH26P1,VY1H6,XCME.VY1.02MAR26,ZNM6,,VY1H6 C11100,VY1H6 C011100,XCME.VY1.02MAR26.11.C,XCMEOCADPS20260302H0VY1,XCME.ZN.N.G.02MAR26,CALL/PUT MAR 26 CBT 10YR TNOTE,mar26 wk1 mon ty
1/28/2026,3/3/2026 13:00,10-Year Treasury Note Tuesday Weekly Options - Week 1,GY1H6,TJPH26C1,TJPH26P1,GY1H6,XCME.GY1.03MAR26,ZNM6,,GY1H6 C11100,GY1H6 C011100,XCME.GY1.03MAR26.11.C,XCMEOCADPS20260303H0GY1,XCME.ZN.N.G.03MAR26,CALL/PUT MAR 26 CBT 10YR TNOTE W1 TUES OPT,mar26 wk1 tue ty
2/19/2026,3/4/2026 13:00,10-Year Treasury Note Wednesday Weekly Options Wk 1,WY1H6,TYWH26C1,TYWH26P1,WY1H6,XCME.WY1.04MAR26,ZNM6,,WY1H6 C11100,WY1H6 C011100,XCME.WY1.04MAR26.11.C,XCMEOCADPS20260304H0WY1,XCME.ZN.N.G.04MAR26,CALL/PUT MAR 26 CBT 10YR TNOTE WED WK1,mar26 wk1 wed ty
2/9/2026,3/6/2026 15:00,10-Year T-Note Weekly Options Wk 1,ZN1H6,1MH6C,1MH6P,ZN1H6,XCME.ZN1.06MAR26,ZNM6,,ZN1H6 C11100,ZN1H6 C011100,XCME.ZN1.06MAR26.11.C,XCMEOCADPS20260306H0ZN1,XCME.ZN.N.G.06MAR26,CALL/PUT MAR 26 CBT 10YR TNOTE WKLY WK1,mar26 wk1 fri ty
2/24/2026,3/9/2026 14:00,10-Year Treasury Note Monday Weekly Options - Week 2,VY2H6,VBYH26C2,VBYH26P2,VY2H6,XCME.VY2.09MAR26,ZNM6,,VY2H6 C11100,VY2H6 C011100,XCME.VY2.09MAR26.11.C,XCMEOCADPS20260309H0VY2,XCME.ZN.N.G.09MAR26,CALL/PUT MAR 26 CBT 10YR TNOTE,mar26 wk2 mon ty
2/4/2026,3/10/2026 14:00,10-Year Treasury Note Tuesday Weekly Options - Week 2,GY2H6,TJPH26C2,TJPH26P2,GY2H6,XCME.GY2.10MAR26,ZNM6,,GY2H6 C11100,GY2H6 C011100,XCME.GY2.10MAR26.11.C,XCMEOCADPS20260310H0GY2,XCME.ZN.N.G.10MAR26,CALL/PUT MAR 26 CBT 10YR TNOTE W2 TUES OPT,mar26 wk2 tue ty
2/26/2026,3/11/2026 14:00,10-Year Treasury Note Wednesday Weekly Options Wk 2,WY2H6,TYWH26C2,TYWH26P2,WY2H6,XCME.WY2.11MAR26,ZNM6,,WY2H6 C11100,WY2H6 C011100,XCME.WY2.11MAR26.11.C,XCMEOCADPS20260311H0WY2,XCME.ZN.N.G.11MAR26,CALL/PUT MAR 26 CBT 10YR TNOTE WED WK2,mar26 wk2 wed ty
2/6/2026,3/12/2026 14:00,10-Year Treasury Note Thursday Weekly Options - Week 2,HY2H6,TJWH26C2,TJWH26P2,HY2H6,XCME.HY2.12MAR26,ZNM6,,HY2H6 C11100,HY2H6 C011100,XCME.HY2.12MAR26.11.C,XCMEOCADPS20260312H0HY2,XCME.ZN.N.G.12MAR26,CALL/PUT MAR 26 CBT 10YR TNOTE W2 THURS OPT,mar26 wk2 thu ty
2/17/2026,3/13/2026 16:00,10-Year T-Note Weekly Options Wk 2,ZN2H6,2MH6C,2MH6P,ZN2H6,XCME.ZN2.13MAR26,ZNM6,,ZN2H6 C11100,ZN2H6 C011100,XCME.ZN2.13MAR26.11.C,XCMEOCADPS20260313H0ZN2,XCME.ZN.N.G.13MAR26,CALL/PUT MAR 26 CBT 10YR TNOTE WKLY WK2,mar26 wk2 fri ty
3/3/2026,3/16/2026 14:00,10-Year Treasury Note Monday Weekly Options - Week 3,VY3H6,VBYH26C3,VBYH26P3,VY3H6,XCME.VY3.16MAR26,ZNM6,,VY3H6 C11100,VY3H6 C011100,XCME.VY3.16MAR26.11.C,XCMEOCADPS20260316H0VY3,XCME.ZN.N.G.16MAR26,CALL/PUT MAR 26 CBT 10YR TNOTE,mar26 wk3 mon ty
2/11/2026,3/17/2026 14:00,10-Year Treasury Note Tuesday Weekly Options - Week 3,GY3H6,TJPH26C3,TJPH26P3,GY3H6,XCME.GY3.17MAR26,ZNM6,,GY3H6 C11100,GY3H6 C011100,XCME.GY3.17MAR26.11.C,XCMEOCADPS20260317H0GY3,XCME.ZN.N.G.17MAR26,CALL/PUT MAR 26 CBT 10YR TNOTE W3 TUES OPT,mar26 wk3 tue ty
3/5/2026,3/18/2026 14:00,10-Year Treasury Note Wednesday Weekly Options Wk 3,WY3H6,TYWH26C3,TYWH26P3,WY3H6,XCME.WY3.18MAR26,ZNM6,,WY3H6 C11100,WY3H6 C011100,XCME.WY3.18MAR26.11.C,XCMEOCADPS20260318H0WY3,XCME.ZN.N.G.18MAR26,CALL/PUT MAR 26 CBT 10YR TNOTE WED WK3,mar26 wk3 wed ty
2/13/2026,3/19/2026 14:00,10-Year Treasury Note Thursday Weekly Options - Week 3,HY3H6,TJWH26C3,TJWH26P3,HY3H6,XCME.HY3.19MAR26,ZNM6,,HY3H6 C11100,HY3H6 C011100,XCME.HY3.19MAR26.11.C,XCMEOCADPS20260319H0HY3,XCME.ZN.N.G.19MAR26,CALL/PUT MAR 26 CBT 10YR TNOTE W3 THURS OPT,mar26 wk3 thu ty
3/2/2026,3/20/2026 16:00,10-Year T-Note Weekly Options Wk 3,ZN3H6,3MH6C,3MH6P,ZN3H6,XCME.ZN3.20MAR26,ZNM6,,ZN3H6 C11100,ZN3H6 C011100,XCME.ZN3.20MAR26.11.C,XCMEOCADPS20260320H0ZN3,XCME.ZN.N.G.20MAR26,CALL/PUT MAR 26 CBT 10YR TNOTE WKLY WK3,mar26 wk3 fri ty
3/10/2026,3/23/2026 14:00,10-Year Treasury Note Monday Weekly Options - Week 4,VY4H6,VBYH26C4,VBYH26P4,VY4H6,XCME.VY4.23MAR26,ZNM6,,VY4H6 C11100,VY4H6 C011100,XCME.VY4.23MAR26.11.C,XCMEOCADPS20260323H0VY4,XCME.ZN.N.G.23MAR26,CALL/PUT MAR 26 CBT 10YR TNOTE,mar26 wk4 mon ty
2/18/2026,3/24/2026 14:00,10-Year Treasury Note Tuesday Weekly Options - Week 4,GY4H6,TJPH26C4,TJPH26P4,GY4H6,XCME.GY4.24MAR26,ZNM6,,GY4H6 C11100,GY4H6 C011100,XCME.GY4.24MAR26.11.C,XCMEOCADPS20260324H0GY4,XCME.ZN.N.G.24MAR26,CALL/PUT MAR 26 CBT 10YR TNOTE W4 TUES OPT,mar26 wk4 tue ty
3/12/2026,3/25/2026 14:00,10-Year Treasury Note Wednesday Weekly Options Wk 4,WY4H6,TYWH26C4,TYWH26P4,WY4H6,XCME.WY4.25MAR26,ZNM6,,WY4H6 C11100,WY4H6 C011100,XCME.WY4.25MAR26.11.C,XCMEOCADPS20260325H0WY4,XCME.ZN.N.G.25MAR26,CALL/PUT MAR 26 CBT 10YR TNOTE WED WK4,mar26 wk4 wed ty
2/20/2026,3/26/2026 14:00,10-Year Treasury Note Thursday Weekly Options - Week 4,HY4H6,TJWH26C4,TJWH26P4,HY4H6,XCME.HY4.26MAR26,ZNM6,,HY4H6 C11100,HY4H6 C011100,XCME.HY4.26MAR26.11.C,XCMEOCADPS20260326H0HY4,XCME.ZN.N.G.26MAR26,CALL/PUT MAR 26 CBT 10YR TNOTE W4 THURS OPT,mar26 wk4 thu ty
10/27/2025,3/27/2026 17:00,10-Year T-Note Options,OZNJ6,TYJ6C,TYJ6P,OZNJ6,XCME.OZN.APR26,ZNM6,,OZNJ6 C11100,OZNJ6 C011100,XCME.OZN.APR26.11.C,XCMEOCADPS20260327J0OZN,XCME.ZN.N.G.27MAR26,CALL/PUT MAR 26 CBT 10YR TNOTE,mar26 wk4 fri ty
3/17/2026,3/30/2026 14:00,10-Year Treasury Note Monday Weekly Options - Week 5,VY5H6,VBYH26C5,VBYH26P5,VY5H6,XCME.VY5.30MAR26,ZNM6,,VY5H6 C11100,VY5H6 C011100,XCME.VY5.30MAR26.11.C,XCMEOCADPS20260330H0VY5,XCME.ZN.N.G.30MAR26,CALL/PUT MAR 26 CBT 10YR TNOTE,mar26 wk5 mon ty
2/25/2026,3/31/2026 14:00,10-Year Treasury Note Tuesday Weekly Options - Week 5,GY5H6,TJPH26C5,TJPH26P5,GY5H6,XCME.GY5.31MAR26,ZNM6,,GY5H6 C11100,GY5H6 C011100,XCME.GY5.31MAR26.11.C,XCMEOCADPS20260331H0GY5,XCME.ZN.N.G.31MAR26,CALL/PUT MAR 26 CBT 10YR TNOTE W5 TUES OPT,mar26 wk5 tue ty
3/19/2026,4/1/2026 14:00,10-Year Treasury Note Wednesday Weekly Options Wk 1,WY1J6,TYWJ26C1,TYWJ26P1,WY1J6,XCME.WY1.01APR26,ZNM6,,WY1J6 C11100,WY1J6 C011100,XCME.WY1.01APR26.11.C,XCMEOCADPS20260401J0WY1,XCME.ZN.N.G.01APR26,CALL/PUT APR 26 CBT 10YR TNOTE WED WK1,apr26 wk1 wed ty
3/9/2026,4/2/2026 16:00,10-Year T-Note Weekly Options Wk 1,ZN1J6,1MJ6C,1MJ6P,ZN1J6,XCME.ZN1.03APR26,ZNM6,,ZN1J6 C11100,ZN1J6 C011100,XCME.ZN1.03APR26.11.C,XCMEOCADPS20260402J0ZN1,XCME.ZN.N.G.02APR26,CALL/PUT APR 26 CBT 10YR TNOTE W1 THURS OPT,apr26 wk1 thu ty
3/24/2026,4/6/2026 14:00,10-Year Treasury Note Monday Weekly Options - Week 1,VY1J6,VBYJ26C1,VBYJ26P1,VY1J6,XCME.VY1.06APR26,ZNM6,,VY1J6 C11100,VY1J6 C011100,XCME.VY1.06APR26.11.C,XCMEOCADPS20260406J0VY1,XCME.ZN.N.G.06APR26,CALL/PUT APR 26 CBT 10YR TNOTE,apr26 wk1 mon ty
3/4/2026,4/7/2026 14:00,10-Year Treasury Note Tuesday Weekly Options - Week 1,GY1J6,TJPJ26C1,TJPJ26P1,GY1J6,XCME.GY1.07APR26,ZNM6,,GY1J6 C11100,GY1J6 C011100,XCME.GY1.07APR26.11.C,XCMEOCADPS20260407J0GY1,XCME.ZN.N.G.07APR26,CALL/PUT APR 26 CBT 10YR TNOTE W1 TUES OPT,apr26 wk1 tue ty
3/26/2026,4/8/2026 14:00,10-Year Treasury Note Wednesday Weekly Options Wk 2,WY2J6,TYWJ26C2,TYWJ26P2,WY2J6,XCME.WY2.08APR26,ZNM6,,WY2J6 C11100,WY2J6 C011100,XCME.WY2.08APR26.11.C,XCMEOCADPS20260408J0WY2,XCME.ZN.N.G.08APR26,CALL/PUT APR 26 CBT 10YR TNOTE WED WK2,apr26 wk2 wed ty
2/27/2026,4/9/2026 14:00,10-Year Treasury Note Thursday Weekly Options - Week 2,HY2J6,TJWJ26C2,TJWJ26P2,HY2J6,XCME.HY2.09APR26,ZNM6,,HY2J6 C11100,HY2J6 C011100,XCME.HY2.09APR26.11.C,XCMEOCADPS20260409J0HY2,XCME.ZN.N.G.09APR26,CALL/PUT APR 26 CBT 10YR TNOTE W2 THURS OPT,apr26 wk2 thu ty
3/16/2026,4/10/2026 16:00,10-Year T-Note Weekly Options Wk 2,ZN2J6,2MJ6C,2MJ6P,ZN2J6,XCME.ZN2.10APR26,ZNM6,,ZN2J6 C11100,ZN2J6 C011100,XCME.ZN2.10APR26.11.C,XCMEOCADPS20260410J0ZN2,XCME.ZN.N.G.10APR26,CALL/PUT APR 26 CBT 10YR TNOTE WKLY WK2,apr26 wk2 fri ty
3/31/2026,4/13/2026 14:00,10-Year Treasury Note Monday Weekly Options - Week 2,VY2J6,VBYJ26C2,VBYJ26P2,VY2J6,XCME.VY2.13APR26,ZNM6,,VY2J6 C11100,VY2J6 C011100,XCME.VY2.13APR26.11.C,XCMEOCADPS20260413J0VY2,XCME.ZN.N.G.13APR26,CALL/PUT APR 26 CBT 10YR TNOTE,apr26 wk2 mon ty
3/11/2026,4/14/2026 14:00,10-Year Treasury Note Tuesday Weekly Options - Week 2,GY2J6,TJPJ26C2,TJPJ26P2,GY2J6,XCME.GY2.14APR26,ZNM6,,GY2J6 C11100,GY2J6 C011100,XCME.GY2.14APR26.11.C,XCMEOCADPS20260414J0GY2,XCME.ZN.N.G.14APR26,CALL/PUT APR 26 CBT 10YR TNOTE W2 TUES OPT,apr26 wk2 tue ty
4/2/2026,4/15/2026 14:00,10-Year Treasury Note Wednesday Weekly Options Wk 3,WY3J6,TYWJ26C3,TYWJ26P3,WY3J6,XCME.WY3.15APR26,ZNM6,,WY3J6 C11100,WY3J6 C011100,XCME.WY3.15APR26.11.C,XCMEOCADPS20260415J0WY3,XCME.ZN.N.G.15APR26,CALL/PUT APR 26 CBT 10YR TNOTE WED WK3,apr26 wk3 wed ty
3/6/2026,4/16/2026 14:00,10-Year Treasury Note Thursday Weekly Options - Week 3,HY3J6,TJWJ26C3,TJWJ26P3,HY3J6,XCME.HY3.16APR26,ZNM6,,HY3J6 C11100,HY3J6 C011100,XCME.HY3.16APR26.11.C,XCMEOCADPS20260416J0HY3,XCME.ZN.N.G.16APR26,CALL/PUT APR 26 CBT 10YR TNOTE W3 THURS OPT,apr26 wk3 thu ty
3/23/2026,4/17/2026 16:00,10-Year T-Note Weekly Options Wk 3,ZN3J6,3MJ6C,3MJ6P,ZN3J6,XCME.ZN3.17APR26,ZNM6,,ZN3J6 C11100,ZN3J6 C011100,XCME.ZN3.17APR26.11.C,XCMEOCADPS20260417J0ZN3,XCME.ZN.N.G.17APR26,CALL/PUT APR 26 CBT 10YR TNOTE WKLY WK3,apr26 wk3 fri ty
4/7/2026,4/20/2026 14:00,10-Year Treasury Note Monday Weekly Options - Week 3,VY3J6,VBYJ26C3,VBYJ26P3,VY3J6,XCME.VY3.20APR26,ZNM6,,VY3J6 C11100,VY3J6 C011100,XCME.VY3.20APR26.11.C,XCMEOCADPS20260420J0VY3,XCME.ZN.N.G.20APR26,CALL/PUT APR 26 CBT 10YR TNOTE,apr26 wk3 mon ty
3/18/2026,4/21/2026 14:00,10-Year Treasury Note Tuesday Weekly Options - Week 3,GY3J6,TJPJ26C3,TJPJ26P3,GY3J6,XCME.GY3.21APR26,ZNM6,,GY3J6 C11100,GY3J6 C011100,XCME.GY3.21APR26.11.C,XCMEOCADPS20260421J0GY3,XCME.ZN.N.G.21APR26,CALL/PUT APR 26 CBT 10YR TNOTE W3 TUES OPT,apr26 wk3 tue ty
4/9/2026,4/22/2026 14:00,10-Year Treasury Note Wednesday Weekly Options Wk 4,WY4J6,TYWJ26C4,TYWJ26P4,WY4J6,XCME.WY4.22APR26,ZNM6,,WY4J6 C11100,WY4J6 C011100,XCME.WY4.22APR26.11.C,XCMEOCADPS20260422J0WY4,XCME.ZN.N.G.22APR26,CALL/PUT APR 26 CBT 10YR TNOTE WED WK4,apr26 wk4 wed ty
3/13/2026,4/23/2026 14:00,10-Year Treasury Note Thursday Weekly Options - Week 4,HY4J6,TJWJ26C4,TJWJ26P4,HY4J6,XCME.HY4.23APR26,ZNM6,,HY4J6 C11100,HY4J6 C011100,XCME.HY4.23APR26.11.C,XCMEOCADPS20260423J0HY4,XCME.ZN.N.G.23APR26,CALL/PUT APR 26 CBT 10YR TNOTE W4 THURS OPT,apr26 wk4 thu ty
12/29/2025,4/24/2026 17:00,10-Year T-Note Options,OZNK6,TYK6C,TYK6P,OZNK6,XCME.OZN.MAY26,ZNM6,,OZNK6 C11100,OZNK6 C011100,XCME.OZN.MAY26.11.C,XCMEOCADPS20260424K0OZN,XCME.ZN.N.G.24APR26,CALL/PUT APR 26 CBT 10YR TNOTE,apr26 wk4 fri ty
4/14/2026,4/27/2026 14:00,10-Year Treasury Note Monday Weekly Options - Week 4,VY4J6,VBYJ26C4,VBYJ26P4,VY4J6,XCME.VY4.27APR26,ZNM6,,VY4J6 C11100,VY4J6 C011100,XCME.VY4.27APR26.11.C,XCMEOCADPS20260427J0VY4,XCME.ZN.N.G.27APR26,CALL/PUT APR 26 CBT 10YR TNOTE,apr26 wk4 mon ty
3/25/2026,4/28/2026 14:00,10-Year Treasury Note Tuesday Weekly Options - Week 4,GY4J6,TJPJ26C4,TJPJ26P4,GY4J6,XCME.GY4.28APR26,ZNM6,,GY4J6 C11100,GY4J6 C011100,XCME.GY4.28APR26.11.C,XCMEOCADPS20260428J0GY4,XCME.ZN.N.G.28APR26,CALL/PUT APR 26 CBT 10YR TNOTE W4 TUES OPT,apr26 wk4 tue ty
4/16/2026,4/29/2026 14:00,10-Year Treasury Note Wednesday Weekly Options Wk 5,WY5J6,TYWJ26C5,TYWJ26P5,WY5J6,XCME.WY5.29APR26,ZNM6,,WY5J6 C11100,WY5J6 C011100,XCME.WY5.29APR26.11.C,XCMEOCADPS20260429J0WY5,XCME.ZN.N.G.29APR26,CALL/PUT APR 26 CBT 10YR TNOTE WED WK5,apr26 wk5 wed ty
3/20/2026,4/30/2026 14:00,10-Year Treasury Note Thursday Weekly Options - Week 5,HY5J6,TJWJ26C5,TJWJ26P5,HY5J6,XCME.HY5.30APR26,ZNM6,,HY5J6 C11100,HY5J6 C011100,XCME.HY5.30APR26.11.C,XCMEOCADPS20260430J0HY5,XCME.ZN.N.G.30APR26,CALL/PUT APR 26 CBT 10YR TNOTE W5 THURS OPT,apr26 wk5 thu ty
4/6/2026,5/1/2026 16:00,10-Year T-Note Weekly Options Wk 1,ZN1K6,1MK6C,1MK6P,ZN1K6,XCME.ZN1.01MAY26,ZNM6,,ZN1K6 C11100,ZN1K6 C011100,XCME.ZN1.01MAY26.11.C,XCMEOCADPS20260501K0ZN1,XCME.ZN.N.G.01MAY26,CALL/PUT MAY 26 CBT 10YR TNOTE WKLY WK1,may26 wk1 fri ty
4/21/2026,5/4/2026 14:00,10-Year Treasury Note Monday Weekly Options - Week 1,VY1K6,VBYK26C1,VBYK26P1,VY1K6,XCME.VY1.04MAY26,ZNM6,,VY1K6 C11100,VY1K6 C011100,XCME.VY1.04MAY26.11.C,XCMEOCADPS20260504K0VY1,XCME.ZN.N.G.04MAY26,CALL/PUT MAY 26 CBT 10YR TNOTE,may26 wk1 mon ty
4/1/2026,5/5/2026 14:00,10-Year Treasury Note Tuesday Weekly Options - Week 1,GY1K6,TJPK26C1,TJPK26P1,GY1K6,XCME.GY1.05MAY26,ZNM6,,GY1K6 C11100,GY1K6 C011100,XCME.GY1.05MAY26.11.C,XCMEOCADPS20260505K0GY1,XCME.ZN.N.G.05MAY26,CALL/PUT MAY 26 CBT 10YR TNOTE W1 TUES OPT,may26 wk1 tue ty
4/23/2026,5/6/2026 14:00,10-Year Treasury Note Wednesday Weekly Options Wk 1,WY1K6,TYWK26C1,TYWK26P1,WY1K6,XCME.WY1.06MAY26,ZNM6,,WY1K6 C11100,WY1K6 C011100,XCME.WY1.06MAY26.11.C,XCMEOCADPS20260506K0WY1,XCME.ZN.N.G.06MAY26,CALL/PUT MAY 26 CBT 10YR TNOTE WED WK1,may26 wk1 wed ty
4/13/2026,5/8/2026 16:00,10-Year T-Note Weekly Options Wk 2,ZN2K6,2MK6C,2MK6P,ZN2K6,XCME.ZN2.08MAY26,ZNM6,,ZN2K6 C11100,ZN2K6 C011100,XCME.ZN2.08MAY26.11.C,XCMEOCADPS20260508K0ZN2,XCME.ZN.N.G.08MAY26,CALL/PUT MAY 26 CBT 10YR TNOTE WKLY WK2,may26 wk2 fri ty
4/28/2026,5/11/2026 14:00,10-Year Treasury Note Monday Weekly Options - Week 2,VY2K6,VBYK26C2,VBYK26P2,VY2K6,XCME.VY2.11MAY26,ZNM6,,VY2K6 C11100,VY2K6 C011100,XCME.VY2.11MAY26.11.C,XCMEOCADPS20260511K0VY2,XCME.ZN.N.G.11MAY26,CALL/PUT MAY 26 CBT 10YR TNOTE,may26 wk2 mon ty
4/8/2026,5/12/2026 14:00,10-Year Treasury Note Tuesday Weekly Options - Week 2,GY2K6,TJPK26C2,TJPK26P2,GY2K6,XCME.GY2.12MAY26,ZNM6,,GY2K6 C11100,GY2K6 C011100,XCME.GY2.12MAY26.11.C,XCMEOCADPS20260512K0GY2,XCME.ZN.N.G.12MAY26,CALL/PUT MAY 26 CBT 10YR TNOTE W2 TUES OPT,may26 wk2 tue ty
4/30/2026,5/13/2026 14:00,10-Year Treasury Note Wednesday Weekly Options Wk 2,WY2K6,TYWK26C2,TYWK26P2,WY2K6,XCME.WY2.13MAY26,ZNM6,,WY2K6 C11100,WY2K6 C011100,XCME.WY2.13MAY26.11.C,XCMEOCADPS20260513K0WY2,XCME.ZN.N.G.13MAY26,CALL/PUT MAY 26 CBT 10YR TNOTE WED WK2,may26 wk2 wed ty
4/10/2026,5/14/2026 14:00,10-Year Treasury Note Thursday Weekly Options - Week 2,HY2K6,TJWK26C2,TJWK26P2,HY2K6,XCME.HY2.14MAY26,ZNM6,,HY2K6 C11100,HY2K6 C011100,XCME.HY2.14MAY26.11.C,XCMEOCADPS20260514K0HY2,XCME.ZN.N.G.14MAY26,CALL/PUT MAY 26 CBT 10YR TNOTE W2 THURS OPT,may26 wk2 thu ty
4/20/2026,5/15/2026 16:00,10-Year T-Note Weekly Options Wk 3,ZN3K6,3MK6C,3MK6P,ZN3K6,XCME.ZN3.15MAY26,ZNM6,,ZN3K6 C11100,ZN3K6 C011100,XCME.ZN3.15MAY26.11.C,XCMEOCADPS20260515K0ZN3,XCME.ZN.N.G.15MAY26,CALL/PUT MAY 26 CBT 10YR TNOTE WKLY WK3,may26 wk3 fri ty
5/5/2026,5/18/2026 14:00,10-Year Treasury Note Monday Weekly Options - Week 3,VY3K6,VBYK26C3,VBYK26P3,VY3K6,XCME.VY3.18MAY26,ZNM6,,VY3K6 C11100,VY3K6 C011100,XCME.VY3.18MAY26.11.C,XCMEOCADPS20260518K0VY3,XCME.ZN.N.G.18MAY26,CALL/PUT MAY 26 CBT 10YR TNOTE,may26 wk3 mon ty
4/15/2026,5/19/2026 14:00,10-Year Treasury Note Tuesday Weekly Options - Week 3,GY3K6,TJPK26C3,TJPK26P3,GY3K6,XCME.GY3.19MAY26,ZNM6,,GY3K6 C11100,GY3K6 C011100,XCME.GY3.19MAY26.11.C,XCMEOCADPS20260519K0GY3,XCME.ZN.N.G.19MAY26,CALL/PUT MAY 26 CBT 10YR TNOTE W3 TUES OPT,may26 wk3 tue ty
5/7/2026,5/20/2026 14:00,10-Year Treasury Note Wednesday Weekly Options Wk 3,WY3K6,TYWK26C3,TYWK26P3,WY3K6,XCME.WY3.20MAY26,ZNM6,,WY3K6 C11100,WY3K6 C011100,XCME.WY3.20MAY26.11.C,XCMEOCADPS20260520K0WY3,XCME.ZN.N.G.20MAY26,CALL/PUT MAY 26 CBT 10YR TNOTE WED WK3,may26 wk3 wed ty
4/17/2026,5/21/2026 14:00,10-Year Treasury Note Thursday Weekly Options - Week 3,HY3K6,TJWK26C3,TJWK26P3,HY3K6,XCME.HY3.21MAY26,ZNM6,,HY3K6 C11100,HY3K6 C011100,XCME.HY3.21MAY26.11.C,XCMEOCADPS20260521K0HY3,XCME.ZN.N.G.21MAY26,CALL/PUT MAY 26 CBT 10YR TNOTE W3 THURS OPT,may26 wk3 thu ty
9/22/2025,5/22/2026 17:00,10-Year T-Note Options,OZNM6,TYM6C,TYM6P,OZNM6,XCME.OZN.JUN26,ZNM6,,OZNM6 C11100,OZNM6 C011100,XCME.OZN.JUN26.11.C,XCMEOCADPS20260522M0OZN,XCME.ZN.N.G.22MAY26,CALL/PUT MAY 26 CBT 10YR TNOTE,may26 wk4 fri ty
5/12/2026,5/26/2026 14:00,10-Year Treasury Note Monday Weekly Options - Week 4,VY4K6,VBYK26C4,VBYK26P4,VY4K6,XCME.VY4.25MAY26,ZNU6,,VY4K6 C11100,VY4K6 C011100,XCME.VY4.25MAY26.11.C,XCMEOCADPS20260526K0VY4,XCME.ZN.N.G.26MAY26,CALL/PUT MAY 26 CBT 10YR TNOTE W4 TUES OPT,may26 wk4 tue ty
4/22/2026,5/26/2026 14:00,10-Year Treasury Note Tuesday Weekly Options - Week 4,GY4K6,TJPK26C4,TJPK26P4,GY4K6,XCME.GY4.26MAY26,ZNU6,,GY4K6 C11100,GY4K6 C011100,XCME.GY4.26MAY26.11.C,XCMEOCADPS20260526K0GY4,XCME.ZN.N.G.26MAY26,CALL/PUT MAY 26 CBT 10YR TNOTE W4 TUES OPT,may26 wk4 tue ty
5/14/2026,5/27/2026 14:00,10-Year Treasury Note Wednesday Weekly Options Wk 4,WY4K6,TYWK26C4,TYWK26P4,WY4K6,XCME.WY4.27MAY26,ZNU6,,WY4K6 C11100,WY4K6 C011100,XCME.WY4.27MAY26.11.C,XCMEOCADPS20260527K0WY4,XCME.ZN.N.G.27MAY26,CALL/PUT MAY 26 CBT 10YR TNOTE WED WK4,may26 wk4 wed ty
4/24/2026,5/28/2026 14:00,10-Year Treasury Note Thursday Weekly Options - Week 4,HY4K6,TJWK26C4,TJWK26P4,HY4K6,XCME.HY4.28MAY26,ZNU6,,HY4K6 C11100,HY4K6 C011100,XCME.HY4.28MAY26.11.C,XCMEOCADPS20260528K0HY4,XCME.ZN.N.G.28MAY26,CALL/PUT MAY 26 CBT 10YR TNOTE W4 THURS OPT,may26 wk4 thu ty
5/4/2026,5/29/2026 16:00,10-Year T-Note Weekly Options Wk 5,ZN5K6,5MK6C,5MK6P,ZN5K6,XCME.ZN5.29MAY26,ZNU6,,ZN5K6 C11100,ZN5K6 C011100,XCME.ZN5.29MAY26.11.C,XCMEOCADPS20260529K0ZN5,XCME.ZN.N.G.29MAY26,CALL/PUT MAY 26 CBT 10YR TNOTE WKLY WK5,may26 wk5 fri ty
5/19/2026,6/1/2026 14:00,10-Year Treasury Note Monday Weekly Options - Week 1,VY1M6,VBYM26C1,VBYM26P1,VY1M6,XCME.VY1.01JUN26,ZNU6,,VY1M6 C11100,VY1M6 C011100,XCME.VY1.01JUN26.11.C,XCMEOCADPS20260601M0VY1,XCME.ZN.N.G.01JUN26,CALL/PUT JUN 26 CBT 10YR TNOTE,jun26 wk1 mon ty
4/29/2026,6/2/2026 14:00,10-Year Treasury Note Tuesday Weekly Options - Week 1,GY1M6,TJPM26C1,TJPM26P1,GY1M6,XCME.GY1.02JUN26,ZNU6,,GY1M6 C11100,GY1M6 C011100,XCME.GY1.02JUN26.11.C,XCMEOCADPS20260602M0GY1,XCME.ZN.N.G.02JUN26,CALL/PUT JUN 26 CBT 10YR TNOTE W1 TUES OPT,jun26 wk1 tue ty
5/21/2026,6/3/2026 14:00,10-Year Treasury Note Wednesday Weekly Options Wk 1,WY1M6,TYWM26C1,TYWM26P1,WY1M6,XCME.WY1.03JUN26,ZNU6,,WY1M6 C11100,WY1M6 C011100,XCME.WY1.03JUN26.11.C,XCMEOCADPS20260603M0WY1,XCME.ZN.N.G.03JUN26,CALL/PUT JUN 26 CBT 10YR TNOTE WED WK1,jun26 wk1 wed ty
5/11/2026,6/5/2026 16:00,10-Year T-Note Weekly Options Wk 1,ZN1M6,1MM6C,1MM6P,ZN1M6,XCME.ZN1.05JUN26,ZNU6,,ZN1M6 C11100,ZN1M6 C011100,XCME.ZN1.05JUN26.11.C,XCMEOCADPS20260605M0ZN1,XCME.ZN.N.G.05JUN26,CALL/PUT JUN 26 CBT 10YR TNOTE WKLY WK1,jun26 wk1 fri ty
5/27/2026,6/8/2026 14:00,10-Year Treasury Note Monday Weekly Options - Week 2,VY2M6,VBYM26C2,VBYM26P2,VY2M6,XCME.VY2.08JUN26,ZNU6,,VY2M6 C11100,VY2M6 C011100,XCME.VY2.08JUN26.11.C,XCMEOCADPS20260608M0VY2,XCME.ZN.N.G.08JUN26,CALL/PUT JUN 26 CBT 10YR TNOTE,jun26 wk2 mon ty
5/6/2026,6/9/2026 14:00,10-Year Treasury Note Tuesday Weekly Options - Week 2,GY2M6,TJPM26C2,TJPM26P2,GY2M6,XCME.GY2.09JUN26,ZNU6,,GY2M6 C11100,GY2M6 C011100,XCME.GY2.09JUN26.11.C,XCMEOCADPS20260609M0GY2,XCME.ZN.N.G.09JUN26,CALL/PUT JUN 26 CBT 10YR TNOTE W2 TUES OPT,jun26 wk2 tue ty
5/28/2026,6/10/2026 14:00,10-Year Treasury Note Wednesday Weekly Options Wk 2,WY2M6,TYWM26C2,TYWM26P2,WY2M6,XCME.WY2.10JUN26,ZNU6,,WY2M6 C11100,WY2M6 C011100,XCME.WY2.10JUN26.11.C,XCMEOCADPS20260610M0WY2,XCME.ZN.N.G.10JUN26,CALL/PUT JUN 26 CBT 10YR TNOTE WED WK2,jun26 wk2 wed ty
5/8/2026,6/11/2026 14:00,10-Year Treasury Note Thursday Weekly Options - Week 2,HY2M6,TJWM26C2,TJWM26P2,HY2M6,XCME.HY2.11JUN26,ZNU6,,HY2M6 C11100,HY2M6 C011100,XCME.HY2.11JUN26.11.C,XCMEOCADPS20260611M0HY2,XCME.ZN.N.G.11JUN26,CALL/PUT JUN 26 CBT 10YR TNOTE W2 THURS OPT,jun26 wk2 thu ty
5/18/2026,6/12/2026 16:00,10-Year T-Note Weekly Options Wk 2,ZN2M6,2MM6C,2MM6P,ZN2M6,XCME.ZN2.12JUN26,ZNU6,,ZN2M6 C11100,ZN2M6 C011100,XCME.ZN2.12JUN26.11.C,XCMEOCADPS20260612M0ZN2,XCME.ZN.N.G.12JUN26,CALL/PUT JUN 26 CBT 10YR TNOTE WKLY WK2,jun26 wk2 fri ty
6/2/2026,6/15/2026 14:00,10-Year Treasury Note Monday Weekly Options - Week 3,VY3M6,VBYM26C3,VBYM26P3,VY3M6,XCME.VY3.15JUN26,ZNU6,,VY3M6 C11100,VY3M6 C011100,XCME.VY3.15JUN26.11.C,XCMEOCADPS20260615M0VY3,XCME.ZN.N.G.15JUN26,CALL/PUT JUN 26 CBT 10YR TNOTE,jun26 wk3 mon ty
5/13/2026,6/16/2026 14:00,10-Year Treasury Note Tuesday Weekly Options - Week 3,GY3M6,TJPM26C3,TJPM26P3,GY3M6,XCME.GY3.16JUN26,ZNU6,,GY3M6 C11100,GY3M6 C011100,XCME.GY3.16JUN26.11.C,XCMEOCADPS20260616M0GY3,XCME.ZN.N.G.16JUN26,CALL/PUT JUN 26 CBT 10YR TNOTE W3 TUES OPT,jun26 wk3 tue ty
6/4/2026,6/17/2026 14:00,10-Year Treasury Note Wednesday Weekly Options Wk 3,WY3M6,TYWM26C3,TYWM26P3,WY3M6,XCME.WY3.17JUN26,ZNU6,,WY3M6 C11100,WY3M6 C011100,XCME.WY3.17JUN26.11.C,XCMEOCADPS20260617M0WY3,XCME.ZN.N.G.17JUN26,CALL/PUT JUN 26 CBT 10YR TNOTE WED WK3,jun26 wk3 wed ty
6/1/2026,6/18/2026 16:00,10-Year T-Note Weekly Options Wk 3,ZN3M6,3MM6C,3MM6P,ZN3M6,XCME.ZN3.19JUN26,ZNU6,,ZN3M6 C11100,ZN3M6 C011100,XCME.ZN3.19JUN26.11.C,XCMEOCADPS20260618M0ZN3,XCME.ZN.N.G.18JUN26,CALL/PUT JUN 26 CBT 10YR TNOTE W3 THURS OPT,jun26 wk3 thu ty
6/9/2026,6/22/2026 14:00,10-Year Treasury Note Monday Weekly Options - Week 4,VY4M6,VBYM26C4,VBYM26P4,VY4M6,XCME.VY4.22JUN26,ZNU6,,VY4M6 C11100,VY4M6 C011100,XCME.VY4.22JUN26.11.C,XCMEOCADPS20260622M0VY4,XCME.ZN.N.G.22JUN26,CALL/PUT JUN 26 CBT 10YR TNOTE,jun26 wk4 mon ty
5/20/2026,6/23/2026 14:00,10-Year Treasury Note Tuesday Weekly Options - Week 4,GY4M6,TJPM26C4,TJPM26P4,GY4M6,XCME.GY4.23JUN26,ZNU6,,GY4M6 C11100,GY4M6 C011100,XCME.GY4.23JUN26.11.C,XCMEOCADPS20260623M0GY4,XCME.ZN.N.G.23JUN26,CALL/PUT JUN 26 CBT 10YR TNOTE W4 TUES OPT,jun26 wk4 tue ty
6/11/2026,6/24/2026 14:00,10-Year Treasury Note Wednesday Weekly Options Wk 4,WY4M6,TYWM26C4,TYWM26P4,WY4M6,XCME.WY4.24JUN26,ZNU6,,WY4M6 C11100,WY4M6 C011100,XCME.WY4.24JUN26.11.C,XCMEOCADPS20260624M0WY4,XCME.ZN.N.G.24JUN26,CALL/PUT JUN 26 CBT 10YR TNOTE WED WK4,jun26 wk4 wed ty
5/15/2026,6/25/2026 14:00,10-Year Treasury Note Thursday Weekly Options - Week 4,HY4M6,TJWM26C4,TJWM26P4,HY4M6,XCME.HY4.25JUN26,ZNU6,,HY4M6 C11100,HY4M6 C011100,XCME.HY4.25JUN26.11.C,XCMEOCADPS20260625M0HY4,XCME.ZN.N.G.25JUN26,CALL/PUT JUN 26 CBT 10YR TNOTE W4 THURS OPT,jun26 wk4 thu ty
1/26/2026,6/26/2026 17:00,10-Year T-Note Options,OZNN6,TYN6C,TYN6P,OZNN6,XCME.OZN.JUL26,ZNU6,,OZNN6 C11100,OZNN6 C011100,XCME.OZN.JUL26.11.C,XCMEOCADPS20260626N0OZN,XCME.ZN.N.G.26JUN26,CALL/PUT JUN 26 CBT 10YR TNOTE,jun26 wk4 fri ty
6/16/2026,6/29/2026 14:00,10-Year Treasury Note Monday Weekly Options - Week 5,VY5M6,VBYM26C5,VBYM26P5,VY5M6,XCME.VY5.29JUN26,ZNU6,,VY5M6 C11100,VY5M6 C011100,XCME.VY5.29JUN26.11.C,XCMEOCADPS20260629M0VY5,XCME.ZN.N.G.29JUN26,CALL/PUT JUN 26 CBT 10YR TNOTE,jun26 wk5 mon ty
5/27/2026,6/30/2026 14:00,10-Year Treasury Note Tuesday Weekly Options - Week 5,GY5M6,TJPM26C5,TJPM26P5,GY5M6,XCME.GY5.30JUN26,ZNU6,,GY5M6 C11100,GY5M6 C011100,XCME.GY5.30JUN26.11.C,XCMEOCADPS20260630M0GY5,XCME.ZN.N.G.30JUN26,CALL/PUT JUN 26 CBT 10YR TNOTE W5 TUES OPT,jun26 wk5 tue ty
6/18/2026,7/1/2026 14:00,10-Year Treasury Note Wednesday Weekly Options Wk 1,WY1N6,TYWN26C1,TYWN26P1,WY1N6,XCME.WY1.01JUL26,ZNU6,,WY1N6 C11100,WY1N6 C011100,XCME.WY1.01JUL26.11.C,XCMEOCADPS20260701N0WY1,XCME.ZN.N.G.01JUL26,CALL/PUT JUL 26 CBT 10YR TNOTE WED WK1,jul26 wk1 wed ty
6/8/2026,7/2/2026 16:00,10-Year T-Note Weekly Options Wk 1,ZN1N6,1MN6C,1MN6P,ZN1N6,XCME.ZN1.03JUL26,ZNU6,,ZN1N6 C11100,ZN1N6 C011100,XCME.ZN1.03JUL26.11.C,XCMEOCADPS20260702N0ZN1,XCME.ZN.N.G.02JUL26,CALL/PUT JUL 26 CBT 10YR TNOTE W1 THURS OPT,jul26 wk1 thu ty
6/23/2026,7/6/2026 14:00,10-Year Treasury Note Monday Weekly Options - Week 1,VY1N6,VBYN26C1,VBYN26P1,VY1N6,XCME.VY1.06JUL26,ZNU6,,VY1N6 C11100,VY1N6 C011100,XCME.VY1.06JUL26.11.C,XCMEOCADPS20260706N0VY1,XCME.ZN.N.G.06JUL26,CALL/PUT JUL 26 CBT 10YR TNOTE,jul26 wk1 mon ty
6/3/2026,7/7/2026 14:00,10-Year Treasury Note Tuesday Weekly Options - Week 1,GY1N6,TJPN26C1,TJPN26P1,GY1N6,XCME.GY1.07JUL26,ZNU6,,GY1N6 C11100,GY1N6 C011100,XCME.GY1.07JUL26.11.C,XCMEOCADPS20260707N0GY1,XCME.ZN.N.G.07JUL26,CALL/PUT JUL 26 CBT 10YR TNOTE W1 TUES OPT,jul26 wk1 tue ty
6/25/2026,7/8/2026 14:00,10-Year Treasury Note Wednesday Weekly Options Wk 2,WY2N6,TYWN26C2,TYWN26P2,WY2N6,XCME.WY2.08JUL26,ZNU6,,WY2N6 C11100,WY2N6 C011100,XCME.WY2.08JUL26.11.C,XCMEOCADPS20260708N0WY2,XCME.ZN.N.G.08JUL26,CALL/PUT JUL 26 CBT 10YR TNOTE WED WK2,jul26 wk2 wed ty
5/22/2026,7/9/2026 14:00,10-Year Treasury Note Thursday Weekly Options - Week 2,HY2N6,TJWN26C2,TJWN26P2,HY2N6,XCME.HY2.09JUL26,ZNU6,,HY2N6 C11100,HY2N6 C011100,XCME.HY2.09JUL26.11.C,XCMEOCADPS20260709N0HY2,XCME.ZN.N.G.09JUL26,CALL/PUT JUL 26 CBT 10YR TNOTE W2 THURS OPT,jul26 wk2 thu ty
6/15/2026,7/10/2026 16:00,10-Year T-Note Weekly Options Wk 2,ZN2N6,2MN6C,2MN6P,ZN2N6,XCME.ZN2.10JUL26,ZNU6,,ZN2N6 C11100,ZN2N6 C011100,XCME.ZN2.10JUL26.11.C,XCMEOCADPS20260710N0ZN2,XCME.ZN.N.G.10JUL26,CALL/PUT JUL 26 CBT 10YR TNOTE WKLY WK2,jul26 wk2 fri ty
6/30/2026,7/13/2026 14:00,10-Year Treasury Note Monday Weekly Options - Week 2,VY2N6,VBYN26C2,VBYN26P2,VY2N6,XCME.VY2.13JUL26,ZNU6,,VY2N6 C11100,VY2N6 C011100,XCME.VY2.13JUL26.11.C,XCMEOCADPS20260713N0VY2,XCME.ZN.N.G.13JUL26,CALL/PUT JUL 26 CBT 10YR TNOTE,jul26 wk2 mon ty
6/10/2026,7/14/2026 14:00,10-Year Treasury Note Tuesday Weekly Options - Week 2,GY2N6,TJPN26C2,TJPN26P2,GY2N6,XCME.GY2.14JUL26,ZNU6,,GY2N6 C11100,GY2N6 C011100,XCME.GY2.14JUL26.11.C,XCMEOCADPS20260714N0GY2,XCME.ZN.N.G.14JUL26,CALL/PUT JUL 26 CBT 10YR TNOTE W2 TUES OPT,jul26 wk2 tue ty
7/2/2026,7/15/2026 14:00,10-Year Treasury Note Wednesday Weekly Options Wk 3,WY3N6,TYWN26C3,TYWN26P3,WY3N6,XCME.WY3.15JUL26,ZNU6,,WY3N6 C11100,WY3N6 C011100,XCME.WY3.15JUL26.11.C,XCMEOCADPS20260715N0WY3,XCME.ZN.N.G.15JUL26,CALL/PUT JUL 26 CBT 10YR TNOTE WED WK3,jul26 wk3 wed ty
5/29/2026,7/16/2026 14:00,10-Year Treasury Note Thursday Weekly Options - Week 3,HY3N6,TJWN26C3,TJWN26P3,HY3N6,XCME.HY3.16JUL26,ZNU6,,HY3N6 C11100,HY3N6 C011100,XCME.HY3.16JUL26.11.C,XCMEOCADPS20260716N0HY3,XCME.ZN.N.G.16JUL26,CALL/PUT JUL 26 CBT 10YR TNOTE W3 THURS OPT,jul26 wk3 thu ty
6/22/2026,7/17/2026 16:00,10-Year T-Note Weekly Options Wk 3,ZN3N6,3MN6C,3MN6P,ZN3N6,XCME.ZN3.17JUL26,ZNU6,,ZN3N6 C11100,ZN3N6 C011100,XCME.ZN3.17JUL26.11.C,XCMEOCADPS20260717N0ZN3,XCME.ZN.N.G.17JUL26,CALL/PUT JUL 26 CBT 10YR TNOTE WKLY WK3,jul26 wk3 fri ty
7/7/2026,7/20/2026 14:00,10-Year Treasury Note Monday Weekly Options - Week 3,VY3N6,VBYN26C3,VBYN26P3,VY3N6,XCME.VY3.20JUL26,ZNU6,,VY3N6 C11100,VY3N6 C011100,XCME.VY3.20JUL26.11.C,XCMEOCADPS20260720N0VY3,XCME.ZN.N.G.20JUL26,CALL/PUT JUL 26 CBT 10YR TNOTE,jul26 wk3 mon ty
6/17/2026,7/21/2026 14:00,10-Year Treasury Note Tuesday Weekly Options - Week 3,GY3N6,TJPN26C3,TJPN26P3,GY3N6,XCME.GY3.21JUL26,ZNU6,,GY3N6 C11100,GY3N6 C011100,XCME.GY3.21JUL26.11.C,XCMEOCADPS20260721N0GY3,XCME.ZN.N.G.21JUL26,CALL/PUT JUL 26 CBT 10YR TNOTE W3 TUES OPT,jul26 wk3 tue ty
7/9/2026,7/22/2026 14:00,10-Year Treasury Note Wednesday Weekly Options Wk 4,WY4N6,TYWN26C4,TYWN26P4,WY4N6,XCME.WY4.22JUL26,ZNU6,,WY4N6 C11100,WY4N6 C011100,XCME.WY4.22JUL26.11.C,XCMEOCADPS20260722N0WY4,XCME.ZN.N.G.22JUL26,CALL/PUT JUL 26 CBT 10YR TNOTE WED WK4,jul26 wk4 wed ty
6/5/2026,7/23/2026 14:00,10-Year Treasury Note Thursday Weekly Options - Week 4,HY4N6,TJWN26C4,TJWN26P4,HY4N6,XCME.HY4.23JUL26,ZNU6,,HY4N6 C11100,HY4N6 C011100,XCME.HY4.23JUL26.11.C,XCMEOCADPS20260723N0HY4,XCME.ZN.N.G.23JUL26,CALL/PUT JUL 26 CBT 10YR TNOTE W4 THURS OPT,jul26 wk4 thu ty
3/30/2026,7/24/2026 17:00,10-Year T-Note Options,OZNQ6,TYQ6C,TYQ6P,OZNQ6,XCME.OZN.AUG26,ZNU6,,OZNQ6 C11100,OZNQ6 C011100,XCME.OZN.AUG26.11.C,XCMEOCADPS20260724Q0OZN,XCME.ZN.N.G.24JUL26,CALL/PUT JUL 26 CBT 10YR TNOTE,jul26 wk4 fri ty
7/14/2026,7/27/2026 14:00,10-Year Treasury Note Monday Weekly Options - Week 4,VY4N6,VBYN26C4,VBYN26P4,VY4N6,XCME.VY4.27JUL26,ZNU6,,VY4N6 C11100,VY4N6 C011100,XCME.VY4.27JUL26.11.C,XCMEOCADPS20260727N0VY4,XCME.ZN.N.G.27JUL26,CALL/PUT JUL 26 CBT 10YR TNOTE,jul26 wk4 mon ty
6/24/2026,7/28/2026 14:00,10-Year Treasury Note Tuesday Weekly Options - Week 4,GY4N6,TJPN26C4,TJPN26P4,GY4N6,XCME.GY4.28JUL26,ZNU6,,GY4N6 C11100,GY4N6 C011100,XCME.GY4.28JUL26.11.C,XCMEOCADPS20260728N0GY4,XCME.ZN.N.G.28JUL26,CALL/PUT JUL 26 CBT 10YR TNOTE W4 TUES OPT,jul26 wk4 tue ty
7/16/2026,7/29/2026 14:00,10-Year Treasury Note Wednesday Weekly Options Wk 5,WY5N6,TYWN26C5,TYWN26P5,WY5N6,XCME.WY5.29JUL26,ZNU6,,WY5N6 C11100,WY5N6 C011100,XCME.WY5.29JUL26.11.C,XCMEOCADPS20260729N0WY5,XCME.ZN.N.G.29JUL26,CALL/PUT JUL 26 CBT 10YR TNOTE WED WK5,jul26 wk5 wed ty
6/12/2026,7/30/2026 14:00,10-Year Treasury Note Thursday Weekly Options - Week 5,HY5N6,TJWN26C5,TJWN26P5,HY5N6,XCME.HY5.30JUL26,ZNU6,,HY5N6 C11100,HY5N6 C011100,XCME.HY5.30JUL26.11.C,XCMEOCADPS20260730N0HY5,XCME.ZN.N.G.30JUL26,CALL/PUT JUL 26 CBT 10YR TNOTE W5 THURS OPT,jul26 wk5 thu ty
7/6/2026,7/31/2026 16:00,10-Year T-Note Weekly Options Wk 5,ZN5N6,5MN6C,5MN6P,ZN5N6,XCME.ZN5.31JUL26,ZNU6,,ZN5N6 C11100,ZN5N6 C011100,XCME.ZN5.31JUL26.11.C,XCMEOCADPS20260731N0ZN5,XCME.ZN.N.G.31JUL26,CALL/PUT JUL 26 CBT 10YR TNOTE WKLY WK5,jul26 wk5 fri ty
7/21/2026,8/3/2026 14:00,10-Year Treasury Note Monday Weekly Options - Week 1,VY1Q6,VBYQ26C1,VBYQ26P1,VY1Q6,XCME.VY1.03AUG26,ZNU6,,VY1Q6 C11100,VY1Q6 C011100,XCME.VY1.03AUG26.11.C,XCMEOCADPS20260803Q0VY1,XCME.ZN.N.G.03AUG26,CALL/PUT AUG 26 CBT 10YR TNOTE,aug26 wk1 mon ty
7/1/2026,8/4/2026 14:00,10-Year Treasury Note Tuesday Weekly Options - Week 1,GY1Q6,TJPQ26C1,TJPQ26P1,GY1Q6,XCME.GY1.04AUG26,ZNU6,,GY1Q6 C11100,GY1Q6 C011100,XCME.GY1.04AUG26.11.C,XCMEOCADPS20260804Q0GY1,XCME.ZN.N.G.04AUG26,CALL/PUT AUG 26 CBT 10YR TNOTE W1 TUES OPT,aug26 wk1 tue ty
7/23/2026,8/5/2026 14:00,10-Year Treasury Note Wednesday Weekly Options Wk 1,WY1Q6,TYWQ26C1,TYWQ26P1,WY1Q6,XCME.WY1.05AUG26,ZNU6,,WY1Q6 C11100,WY1Q6 C011100,XCME.WY1.05AUG26.11.C,XCMEOCADPS20260805Q0WY1,XCME.ZN.N.G.05AUG26,CALL/PUT AUG 26 CBT 10YR TNOTE WED WK1,aug26 wk1 wed ty
7/13/2026,8/7/2026 16:00,10-Year T-Note Weekly Options Wk 1,ZN1Q6,1MQ6C,1MQ6P,ZN1Q6,XCME.ZN1.07AUG26,ZNU6,,ZN1Q6 C11100,ZN1Q6 C011100,XCME.ZN1.07AUG26.11.C,XCMEOCADPS20260807Q0ZN1,XCME.ZN.N.G.07AUG26,CALL/PUT AUG 26 CBT 10YR TNOTE WKLY WK1,aug26 wk1 fri ty
7/28/2026,8/10/2026 14:00,10-Year Treasury Note Monday Weekly Options - Week 2,VY2Q6,VBYQ26C2,VBYQ26P2,VY2Q6,XCME.VY2.10AUG26,ZNU6,,VY2Q6 C11100,VY2Q6 C011100,XCME.VY2.10AUG26.11.C,XCMEOCADPS20260810Q0VY2,XCME.ZN.N.G.10AUG26,CALL/PUT AUG 26 CBT 10YR TNOTE,aug26 wk2 mon ty
7/8/2026,8/11/2026 14:00,10-Year Treasury Note Tuesday Weekly Options - Week 2,GY2Q6,TJPQ26C2,TJPQ26P2,GY2Q6,XCME.GY2.11AUG26,ZNU6,,GY2Q6 C11100,GY2Q6 C011100,XCME.GY2.11AUG26.11.C,XCMEOCADPS20260811Q0GY2,XCME.ZN.N.G.11AUG26,CALL/PUT AUG 26 CBT 10YR TNOTE W2 TUES OPT,aug26 wk2 tue ty
7/30/2026,8/12/2026 14:00,10-Year Treasury Note Wednesday Weekly Options Wk 2,WY2Q6,TYWQ26C2,TYWQ26P2,WY2Q6,XCME.WY2.12AUG26,ZNU6,,WY2Q6 C11100,WY2Q6 C011100,XCME.WY2.12AUG26.11.C,XCMEOCADPS20260812Q0WY2,XCME.ZN.N.G.12AUG26,CALL/PUT AUG 26 CBT 10YR TNOTE WED WK2,aug26 wk2 wed ty
7/10/2026,8/13/2026 14:00,10-Year Treasury Note Thursday Weekly Options - Week 2,HY2Q6,TJWQ26C2,TJWQ26P2,HY2Q6,XCME.HY2.13AUG26,ZNU6,,HY2Q6 C11100,HY2Q6 C011100,XCME.HY2.13AUG26.11.C,XCMEOCADPS20260813Q0HY2,XCME.ZN.N.G.13AUG26,CALL/PUT AUG 26 CBT 10YR TNOTE W2 THURS OPT,aug26 wk2 thu ty
7/20/2026,8/14/2026 16:00,10-Year T-Note Weekly Options Wk 2,ZN2Q6,2MQ6C,2MQ6P,ZN2Q6,XCME.ZN2.14AUG26,ZNU6,,ZN2Q6 C11100,ZN2Q6 C011100,XCME.ZN2.14AUG26.11.C,XCMEOCADPS20260814Q0ZN2,XCME.ZN.N.G.14AUG26,CALL/PUT AUG 26 CBT 10YR TNOTE WKLY WK2,aug26 wk2 fri ty
8/4/2026,8/17/2026 14:00,10-Year Treasury Note Monday Weekly Options - Week 3,VY3Q6,VBYQ26C3,VBYQ26P3,VY3Q6,XCME.VY3.17AUG26,ZNU6,,VY3Q6 C11100,VY3Q6 C011100,XCME.VY3.17AUG26.11.C,XCMEOCADPS20260817Q0VY3,XCME.ZN.N.G.17AUG26,CALL/PUT AUG 26 CBT 10YR TNOTE,aug26 wk3 mon ty
7/15/2026,8/18/2026 14:00,10-Year Treasury Note Tuesday Weekly Options - Week 3,GY3Q6,TJPQ26C3,TJPQ26P3,GY3Q6,XCME.GY3.18AUG26,ZNU6,,GY3Q6 C11100,GY3Q6 C011100,XCME.GY3.18AUG26.11.C,XCMEOCADPS20260818Q0GY3,XCME.ZN.N.G.18AUG26,CALL/PUT AUG 26 CBT 10YR TNOTE W3 TUES OPT,aug26 wk3 tue ty
8/6/2026,8/19/2026 14:00,10-Year Treasury Note Wednesday Weekly Options Wk 3,WY3Q6,TYWQ26C3,TYWQ26P3,WY3Q6,XCME.WY3.19AUG26,ZNU6,,WY3Q6 C11100,WY3Q6 C011100,XCME.WY3.19AUG26.11.C,XCMEOCADPS20260819Q0WY3,XCME.ZN.N.G.19AUG26,CALL/PUT AUG 26 CBT 10YR TNOTE WED WK3,aug26 wk3 wed ty
7/17/2026,8/20/2026 14:00,10-Year Treasury Note Thursday Weekly Options - Week 3,HY3Q6,TJWQ26C3,TJWQ26P3,HY3Q6,XCME.HY3.20AUG26,ZNU6,,HY3Q6 C11100,HY3Q6 C011100,XCME.HY3.20AUG26.11.C,XCMEOCADPS20260820Q0HY3,XCME.ZN.N.G.20AUG26,CALL/PUT AUG 26 CBT 10YR TNOTE W3 THURS OPT,aug26 wk3 thu ty
12/22/2025,8/21/2026 17:00,10-Year T-Note Options,OZNU6,TYU6C,TYU6P,OZNU6,XCME.OZN.SEP26,ZNU6,,OZNU6 C11100,OZNU6 C011100,XCME.OZN.SEP26.11.C,XCMEOCADPS20260821U0OZN,XCME.ZN.N.G.21AUG26,CALL/PUT AUG 26 CBT 10YR TNOTE,aug26 wk3 fri ty
8/11/2026,8/24/2026 14:00,10-Year Treasury Note Monday Weekly Options - Week 4,VY4Q6,VBYQ26C4,VBYQ26P4,VY4Q6,XCME.VY4.24AUG26,ZNZ6,,VY4Q6 C11100,VY4Q6 C011100,XCME.VY4.24AUG26.11.C,XCMEOCADPS20260824Q0VY4,XCME.ZN.N.G.24AUG26,CALL/PUT AUG 26 CBT 10YR TNOTE,aug26 wk4 mon ty
7/22/2026,8/25/2026 14:00,10-Year Treasury Note Tuesday Weekly Options - Week 4,GY4Q6,TJPQ26C4,TJPQ26P4,GY4Q6,XCME.GY4.25AUG26,ZNZ6,,GY4Q6 C11100,GY4Q6 C011100,XCME.GY4.25AUG26.11.C,XCMEOCADPS20260825Q0GY4,XCME.ZN.N.G.25AUG26,CALL/PUT AUG 26 CBT 10YR TNOTE W4 TUES OPT,aug26 wk4 tue ty
8/13/2026,8/26/2026 14:00,10-Year Treasury Note Wednesday Weekly Options Wk 4,WY4Q6,TYWQ26C4,TYWQ26P4,WY4Q6,XCME.WY4.26AUG26,ZNZ6,,WY4Q6 C11100,WY4Q6 C011100,XCME.WY4.26AUG26.11.C,XCMEOCADPS20260826Q0WY4,XCME.ZN.N.G.26AUG26,CALL/PUT AUG 26 CBT 10YR TNOTE WED WK4,aug26 wk4 wed ty
7/24/2026,8/27/2026 14:00,10-Year Treasury Note Thursday Weekly Options - Week 4,HY4Q6,TJWQ26C4,TJWQ26P4,HY4Q6,XCME.HY4.27AUG26,ZNZ6,,HY4Q6 C11100,HY4Q6 C011100,XCME.HY4.27AUG26.11.C,XCMEOCADPS20260827Q0HY4,XCME.ZN.N.G.27AUG26,CALL/PUT AUG 26 CBT 10YR TNOTE W4 THURS OPT,aug26 wk4 thu ty
8/3/2026,8/28/2026 16:00,10-Year T-Note Weekly Options Wk 4,ZN4Q6,4MQ6C,4MQ6P,ZN4Q6,XCME.ZN4.28AUG26,ZNZ6,,ZN4Q6 C11100,ZN4Q6 C011100,XCME.ZN4.28AUG26.11.C,XCMEOCADPS20260828Q0ZN4,XCME.ZN.N.G.28AUG26,CALL/PUT AUG 26 CBT 10YR TNOTE WKLY WK4,aug26 wk4 fri ty
8/18/2026,8/31/2026 14:00,10-Year Treasury Note Monday Weekly Options - Week 5,VY5Q6,VBYQ26C5,VBYQ26P5,VY5Q6,XCME.VY5.31AUG26,ZNZ6,,VY5Q6 C11100,VY5Q6 C011100,XCME.VY5.31AUG26.11.C,XCMEOCADPS20260831Q0VY5,XCME.ZN.N.G.31AUG26,CALL/PUT AUG 26 CBT 10YR TNOTE,aug26 wk5 mon ty
7/29/2026,9/1/2026 14:00,10-Year Treasury Note Tuesday Weekly Options - Week 1,GY1U6,TJPU26C1,TJPU26P1,GY1U6,XCME.GY1.01SEP26,ZNZ6,,GY1U6 C11100,GY1U6 C011100,XCME.GY1.01SEP26.11.C,XCMEOCADPS20260901U0GY1,XCME.ZN.N.G.01SEP26,CALL/PUT SEP 26 CBT 10YR TNOTE W1 TUES OPT,sep26 wk1 tue ty
8/20/2026,9/2/2026 14:00,10-Year Treasury Note Wednesday Weekly Options Wk 1,WY1U6,TYWU26C1,TYWU26P1,WY1U6,XCME.WY1.02SEP26,ZNZ6,,WY1U6 C11100,WY1U6 C011100,XCME.WY1.02SEP26.11.C,XCMEOCADPS20260902U0WY1,XCME.ZN.N.G.02SEP26,CALL/PUT SEP 26 CBT 10YR TNOTE WED WK1,sep26 wk1 wed ty
8/10/2026,9/4/2026 16:00,10-Year T-Note Weekly Options Wk 1,ZN1U6,1MU6C,1MU6P,ZN1U6,XCME.ZN1.04SEP26,ZNZ6,,ZN1U6 C11100,ZN1U6 C011100,XCME.ZN1.04SEP26.11.C,XCMEOCADPS20260904U0ZN1,XCME.ZN.N.G.04SEP26,CALL/PUT SEP 26 CBT 10YR TNOTE WKLY WK1,sep26 wk1 fri ty
8/25/2026,9/8/2026 14:00,10-Year Treasury Note Monday Weekly Options - Week 1,VY1U6,VBYU26C1,VBYU26P1,VY1U6,XCME.VY1.07SEP26,ZNZ6,,VY1U6 C11100,VY1U6 C011100,XCME.VY1.07SEP26.11.C,XCMEOCADPS20260908U0VY1,XCME.ZN.N.G.08SEP26,CALL/PUT SEP 26 CBT 10YR TNOTE W2 TUES OPT,sep26 wk2 tue ty
8/5/2026,9/8/2026 14:00,10-Year Treasury Note Tuesday Weekly Options - Week 2,GY2U6,TJPU26C2,TJPU26P2,GY2U6,XCME.GY2.08SEP26,ZNZ6,,GY2U6 C11100,GY2U6 C011100,XCME.GY2.08SEP26.11.C,XCMEOCADPS20260908U0GY2,XCME.ZN.N.G.08SEP26,CALL/PUT SEP 26 CBT 10YR TNOTE W2 TUES OPT,sep26 wk2 tue ty
8/27/2026,9/9/2026 14:00,10-Year Treasury Note Wednesday Weekly Options Wk 2,WY2U6,TYWU26C2,TYWU26P2,WY2U6,XCME.WY2.09SEP26,ZNZ6,,WY2U6 C11100,WY2U6 C011100,XCME.WY2.09SEP26.11.C,XCMEOCADPS20260909U0WY2,XCME.ZN.N.G.09SEP26,CALL/PUT SEP 26 CBT 10YR TNOTE WED WK2,sep26 wk2 wed ty
8/7/2026,9/10/2026 14:00,10-Year Treasury Note Thursday Weekly Options - Week 2,HY2U6,TJWU26C2,TJWU26P2,HY2U6,XCME.HY2.10SEP26,ZNZ6,,HY2U6 C11100,HY2U6 C011100,XCME.HY2.10SEP26.11.C,XCMEOCADPS20260910U0HY2,XCME.ZN.N.G.10SEP26,CALL/PUT SEP 26 CBT 10YR TNOTE W2 THURS OPT,sep26 wk2 thu ty
8/17/2026,9/11/2026 16:00,10-Year T-Note Weekly Options Wk 2,ZN2U6,2MU6C,2MU6P,ZN2U6,XCME.ZN2.11SEP26,ZNZ6,,ZN2U6 C11100,ZN2U6 C011100,XCME.ZN2.11SEP26.11.C,XCMEOCADPS20260911U0ZN2,XCME.ZN.N.G.11SEP26,CALL/PUT SEP 26 CBT 10YR TNOTE WKLY WK2,sep26 wk2 fri ty
9/1/2026,9/14/2026 14:00,10-Year Treasury Note Monday Weekly Options - Week 2,VY2U6,VBYU26C2,VBYU26P2,VY2U6,XCME.VY2.14SEP26,ZNZ6,,VY2U6 C11100,VY2U6 C011100,XCME.VY2.14SEP26.11.C,XCMEOCADPS20260914U0VY2,XCME.ZN.N.G.14SEP26,CALL/PUT SEP 26 CBT 10YR TNOTE,sep26 wk2 mon ty
8/12/2026,9/15/2026 14:00,10-Year Treasury Note Tuesday Weekly Options - Week 3,GY3U6,TJPU26C3,TJPU26P3,GY3U6,XCME.GY3.15SEP26,ZNZ6,,GY3U6 C11100,GY3U6 C011100,XCME.GY3.15SEP26.11.C,XCMEOCADPS20260915U0GY3,XCME.ZN.N.G.15SEP26,CALL/PUT SEP 26 CBT 10YR TNOTE W3 TUES OPT,sep26 wk3 tue ty
9/3/2026,9/16/2026 14:00,10-Year Treasury Note Wednesday Weekly Options Wk 3,WY3U6,TYWU26C3,TYWU26P3,WY3U6,XCME.WY3.16SEP26,ZNZ6,,WY3U6 C11100,WY3U6 C011100,XCME.WY3.16SEP26.11.C,XCMEOCADPS20260916U0WY3,XCME.ZN.N.G.16SEP26,CALL/PUT SEP 26 CBT 10YR TNOTE WED WK3,sep26 wk3 wed ty
8/14/2026,9/17/2026 14:00,10-Year Treasury Note Thursday Weekly Options - Week 3,HY3U6,TJWU26C3,TJWU26P3,HY3U6,XCME.HY3.17SEP26,ZNZ6,,HY3U6 C11100,HY3U6 C011100,XCME.HY3.17SEP26.11.C,XCMEOCADPS20260917U0HY3,XCME.ZN.N.G.17SEP26,CALL/PUT SEP 26 CBT 10YR TNOTE W3 THURS OPT,sep26 wk3 thu ty
8/31/2026,9/18/2026 16:00,10-Year T-Note Weekly Options Wk 3,ZN3U6,3MU6C,3MU6P,ZN3U6,XCME.ZN3.18SEP26,ZNZ6,,ZN3U6 C11100,ZN3U6 C011100,XCME.ZN3.18SEP26.11.C,XCMEOCADPS20260918U0ZN3,XCME.ZN.N.G.18SEP26,CALL/PUT SEP 26 CBT 10YR TNOTE WKLY WK3,sep26 wk3 fri ty
9/9/2026,9/21/2026 14:00,10-Year Treasury Note Monday Weekly Options - Week 3,VY3U6,VBYU26C3,VBYU26P3,VY3U6,XCME.VY3.21SEP26,ZNZ6,,VY3U6 C11100,VY3U6 C011100,XCME.VY3.21SEP26.11.C,XCMEOCADPS20260921U0VY3,XCME.ZN.N.G.21SEP26,CALL/PUT SEP 26 CBT 10YR TNOTE,sep26 wk3 mon ty
8/19/2026,9/22/2026 14:00,10-Year Treasury Note Tuesday Weekly Options - Week 4,GY4U6,TJPU26C4,TJPU26P4,GY4U6,XCME.GY4.22SEP26,ZNZ6,,GY4U6 C11100,GY4U6 C011100,XCME.GY4.22SEP26.11.C,XCMEOCADPS20260922U0GY4,XCME.ZN.N.G.22SEP26,CALL/PUT SEP 26 CBT 10YR TNOTE W4 TUES OPT,sep26 wk4 tue ty
9/10/2026,9/23/2026 14:00,10-Year Treasury Note Wednesday Weekly Options Wk 4,WY4U6,TYWU26C4,TYWU26P4,WY4U6,XCME.WY4.23SEP26,ZNZ6,,WY4U6 C11100,WY4U6 C011100,XCME.WY4.23SEP26.11.C,XCMEOCADPS20260923U0WY4,XCME.ZN.N.G.23SEP26,CALL/PUT SEP 26 CBT 10YR TNOTE WED WK4,sep26 wk4 wed ty
8/21/2026,9/24/2026 14:00,10-Year Treasury Note Thursday Weekly Options - Week 4,HY4U6,TJWU26C4,TJWU26P4,HY4U6,XCME.HY4.24SEP26,ZNZ6,,HY4U6 C11100,HY4U6 C011100,XCME.HY4.24SEP26.11.C,XCMEOCADPS20260924U0HY4,XCME.ZN.N.G.24SEP26,CALL/PUT SEP 26 CBT 10YR TNOTE W4 THURS OPT,sep26 wk4 thu ty
4/27/2026,9/25/2026 17:00,10-Year T-Note Options,OZNV6,TYV6C,TYV6P,OZNV6,XCME.OZN.OCT26,ZNZ6,,OZNV6 C11100,OZNV6 C011100,XCME.OZN.OCT26.11.C,XCMEOCADPS20260925V0OZN,XCME.ZN.N.G.25SEP26,CALL/PUT SEP 26 CBT 10YR TNOTE,sep26 wk4 fri ty
9/15/2026,9/28/2026 14:00,10-Year Treasury Note Monday Weekly Options - Week 4,VY4U6,VBYU26C4,VBYU26P4,VY4U6,XCME.VY4.28SEP26,ZNZ6,,VY4U6 C11100,VY4U6 C011100,XCME.VY4.28SEP26.11.C,XCMEOCADPS20260928U0VY4,XCME.ZN.N.G.28SEP26,CALL/PUT SEP 26 CBT 10YR TNOTE,sep26 wk4 mon ty
8/26/2026,9/29/2026 14:00,10-Year Treasury Note Tuesday Weekly Options - Week 5,GY5U6,TJPU26C5,TJPU26P5,GY5U6,XCME.GY5.29SEP26,ZNZ6,,GY5U6 C11100,GY5U6 C011100,XCME.GY5.29SEP26.11.C,XCMEOCADPS20260929U0GY5,XCME.ZN.N.G.29SEP26,CALL/PUT SEP 26 CBT 10YR TNOTE W5 TUES OPT,sep26 wk5 tue ty
9/17/2026,9/30/2026 14:00,10-Year Treasury Note Wednesday Weekly Options Wk 5,WY5U6,TYWU26C5,TYWU26P5,WY5U6,XCME.WY5.30SEP26,ZNZ6,,WY5U6 C11100,WY5U6 C011100,XCME.WY5.30SEP26.11.C,XCMEOCADPS20260930U0WY5,XCME.ZN.N.G.30SEP26,CALL/PUT SEP 26 CBT 10YR TNOTE WED WK5,sep26 wk5 wed ty
9/8/2026,10/2/2026 16:00,10-Year T-Note Weekly Options Wk 1,ZN1V6,1MV6C,1MV6P,ZN1V6,XCME.ZN1.02OCT26,ZNZ6,,ZN1V6 C11100,ZN1V6 C011100,XCME.ZN1.02OCT26.11.C,XCMEOCADPS20261002V0ZN1,XCME.ZN.N.G.02OCT26,CALL/PUT OCT 26 CBT 10YR TNOTE WKLY WK1,oct26 wk1 fri ty
9/22/2026,10/5/2026 14:00,10-Year Treasury Note Monday Weekly Options - Week 1,VY1V6,VBYV26C1,VBYV26P1,VY1V6,XCME.VY1.05OCT26,ZNZ6,,VY1V6 C11100,VY1V6 C011100,XCME.VY1.05OCT26.11.C,XCMEOCADPS20261005V0VY1,XCME.ZN.N.G.05OCT26,CALL/PUT OCT 26 CBT 10YR TNOTE,oct26 wk1 mon ty
9/2/2026,10/6/2026 14:00,10-Year Treasury Note Tuesday Weekly Options - Week 1,GY1V6,TJPV26C1,TJPV26P1,GY1V6,XCME.GY1.06OCT26,ZNZ6,,GY1V6 C11100,GY1V6 C011100,XCME.GY1.06OCT26.11.C,XCMEOCADPS20261006V0GY1,XCME.ZN.N.G.06OCT26,CALL/PUT OCT 26 CBT 10YR TNOTE W1 TUES OPT,oct26 wk1 tue ty
9/24/2026,10/7/2026 14:00,10-Year Treasury Note Wednesday Weekly Options Wk 1,WY1V6,TYWV26C1,TYWV26P1,WY1V6,XCME.WY1.07OCT26,ZNZ6,,WY1V6 C11100,WY1V6 C011100,XCME.WY1.07OCT26.11.C,XCMEOCADPS20261007V0WY1,XCME.ZN.N.G.07OCT26,CALL/PUT OCT 26 CBT 10YR TNOTE WED WK1,oct26 wk1 wed ty
9/4/2026,10/8/2026 14:00,10-Year Treasury Note Thursday Weekly Options - Week 2,HY2V6,TJWV26C2,TJWV26P2,HY2V6,XCME.HY2.08OCT26,ZNZ6,,HY2V6 C11100,HY2V6 C011100,XCME.HY2.08OCT26.11.C,XCMEOCADPS20261008V0HY2,XCME.ZN.N.G.08OCT26,CALL/PUT OCT 26 CBT 10YR TNOTE W2 THURS OPT,oct26 wk2 thu ty
9/14/2026,10/9/2026 16:00,10-Year T-Note Weekly Options Wk 2,ZN2V6,2MV6C,2MV6P,ZN2V6,XCME.ZN2.09OCT26,ZNZ6,,ZN2V6 C11100,ZN2V6 C011100,XCME.ZN2.09OCT26.11.C,XCMEOCADPS20261009V0ZN2,XCME.ZN.N.G.09OCT26,CALL/PUT OCT 26 CBT 10YR TNOTE WKLY WK2,oct26 wk2 fri ty
9/29/2026,10/12/2026 14:00,10-Year Treasury Note Monday Weekly Options - Week 2,VY2V6,VBYV26C2,VBYV26P2,VY2V6,XCME.VY2.12OCT26,ZNZ6,,VY2V6 C11100,VY2V6 C011100,XCME.VY2.12OCT26.11.C,XCMEOCADPS20261012V0VY2,XCME.ZN.N.G.12OCT26,CALL/PUT OCT 26 CBT 10YR TNOTE,oct26 wk2 mon ty
9/9/2026,10/13/2026 14:00,10-Year Treasury Note Tuesday Weekly Options - Week 2,GY2V6,TJPV26C2,TJPV26P2,GY2V6,XCME.GY2.13OCT26,ZNZ6,,GY2V6 C11100,GY2V6 C011100,XCME.GY2.13OCT26.11.C,XCMEOCADPS20261013V0GY2,XCME.ZN.N.G.13OCT26,CALL/PUT OCT 26 CBT 10YR TNOTE W2 TUES OPT,oct26 wk2 tue ty
10/1/2026,10/14/2026 14:00,10-Year Treasury Note Wednesday Weekly Options Wk 2,WY2V6,TYWV26C2,TYWV26P2,WY2V6,XCME.WY2.14OCT26,ZNZ6,,WY2V6 C11100,WY2V6 C011100,XCME.WY2.14OCT26.11.C,XCMEOCADPS20261014V0WY2,XCME.ZN.N.G.14OCT26,CALL/PUT OCT 26 CBT 10YR TNOTE WED WK2,oct26 wk2 wed ty
9/11/2026,10/15/2026 14:00,10-Year Treasury Note Thursday Weekly Options - Week 3,HY3V6,TJWV26C3,TJWV26P3,HY3V6,XCME.HY3.15OCT26,ZNZ6,,HY3V6 C11100,HY3V6 C011100,XCME.HY3.15OCT26.11.C,XCMEOCADPS20261015V0HY3,XCME.ZN.N.G.15OCT26,CALL/PUT OCT 26 CBT 10YR TNOTE W3 THURS OPT,oct26 wk3 thu ty
9/21/2026,10/16/2026 16:00,10-Year T-Note Weekly Options Wk 3,ZN3V6,3MV6C,3MV6P,ZN3V6,XCME.ZN3.16OCT26,ZNZ6,,ZN3V6 C11100,ZN3V6 C011100,XCME.ZN3.16OCT26.11.C,XCMEOCADPS20261016V0ZN3,XCME.ZN.N.G.16OCT26,CALL/PUT OCT 26 CBT 10YR TNOTE WKLY WK3,oct26 wk3 fri ty
9/16/2026,10/20/2026 14:00,10-Year Treasury Note Tuesday Weekly Options - Week 3,GY3V6,TJPV26C3,TJPV26P3,GY3V6,XCME.GY3.20OCT26,ZNZ6,,GY3V6 C11100,GY3V6 C011100,XCME.GY3.20OCT26.11.C,XCMEOCADPS20261020V0GY3,XCME.ZN.N.G.20OCT26,CALL/PUT OCT 26 CBT 10YR TNOTE W3 TUES OPT,oct26 wk3 tue ty
9/18/2026,10/22/2026 14:00,10-Year Treasury Note Thursday Weekly Options - Week 4,HY4V6,TJWV26C4,TJWV26P4,HY4V6,XCME.HY4.22OCT26,ZNZ6,,HY4V6 C11100,HY4V6 C011100,XCME.HY4.22OCT26.11.C,XCMEOCADPS20261022V0HY4,XCME.ZN.N.G.22OCT26,CALL/PUT OCT 26 CBT 10YR TNOTE W4 THURS OPT,oct26 wk4 thu ty
6/29/2026,10/23/2026 17:00,10-Year T-Note Options,OZNX6,TYX6C,TYX6P,OZNX6,XCME.OZN.NOV26,ZNZ6,,OZNX6 C11100,OZNX6 C011100,XCME.OZN.NOV26.11.C,XCMEOCADPS20261023X0OZN,XCME.ZN.N.G.23OCT26,CALL/PUT OCT 26 CBT 10YR TNOTE,oct26 wk4 fri ty
9/23/2026,10/27/2026 14:00,10-Year Treasury Note Tuesday Weekly Options - Week 4,GY4V6,TJPV26C4,TJPV26P4,GY4V6,XCME.GY4.27OCT26,ZNZ6,,GY4V6 C11100,GY4V6 C011100,XCME.GY4.27OCT26.11.C,XCMEOCADPS20261027V0GY4,XCME.ZN.N.G.27OCT26,CALL/PUT OCT 26 CBT 10YR TNOTE W4 TUES OPT,oct26 wk4 tue ty
9/25/2026,10/29/2026 14:00,10-Year Treasury Note Thursday Weekly Options - Week 5,HY5V6,TJWV26C5,TJWV26P5,HY5V6,XCME.HY5.29OCT26,ZNZ6,,HY5V6 C11100,HY5V6 C011100,XCME.HY5.29OCT26.11.C,XCMEOCADPS20261029V0HY5,XCME.ZN.N.G.29OCT26,CALL/PUT OCT 26 CBT 10YR TNOTE W5 THURS OPT,oct26 wk5 thu ty
9/30/2026,11/3/2026 13:00,10-Year Treasury Note Tuesday Weekly Options - Week 1,GY1X6,TJPX26C1,TJPX26P1,GY1X6,XCME.GY1.03NOV26,ZNZ6,,GY1X6 C11100,GY1X6 C011100,XCME.GY1.03NOV26.11.C,XCMEOCADPS20261103X0GY1,XCME.ZN.N.G.03NOV26,CALL/PUT NOV 26 CBT 10YR TNOTE W1 TUES OPT,nov26 wk1 tue ty
10/7/2026,11/10/2026 13:00,10-Year Treasury Note Tuesday Weekly Options - Week 2,GY2X6,TJPX26C2,TJPX26P2,GY2X6,XCME.GY2.10NOV26,ZNZ6,,GY2X6 C11100,GY2X6 C011100,XCME.GY2.10NOV26.11.C,XCMEOCADPS20261110X0GY2,XCME.ZN.N.G.10NOV26,CALL/PUT NOV 26 CBT 10YR TNOTE W2 TUES OPT,nov26 wk2 tue ty
10/9/2026,11/12/2026 13:00,10-Year Treasury Note Thursday Weekly Options - Week 2,HY2X6,TJWX26C2,TJWX26P2,HY2X6,XCME.HY2.12NOV26,ZNZ6,,HY2X6 C11100,HY2X6 C011100,XCME.HY2.12NOV26.11.C,XCMEOCADPS20261112X0HY2,XCME.ZN.N.G.12NOV26,CALL/PUT NOV 26 CBT 10YR TNOTE W2 THURS OPT,nov26 wk2 thu ty
10/14/2026,11/17/2026 13:00,10-Year Treasury Note Tuesday Weekly Options - Week 3,GY3X6,TJPX26C3,TJPX26P3,GY3X6,XCME.GY3.17NOV26,ZNZ6,,GY3X6 C11100,GY3X6 C011100,XCME.GY3.17NOV26.11.C,XCMEOCADPS20261117X0GY3,XCME.ZN.N.G.17NOV26,CALL/PUT NOV 26 CBT 10YR TNOTE W3 TUES OPT,nov26 wk3 tue ty
10/16/2026,11/19/2026 13:00,10-Year Treasury Note Thursday Weekly Options - Week 3,HY3X6,TJWX26C3,TJWX26P3,HY3X6,XCME.HY3.19NOV26,ZNZ6,,HY3X6 C11100,HY3X6 C011100,XCME.HY3.19NOV26.11.C,XCMEOCADPS20261119X0HY3,XCME.ZN.N.G.19NOV26,CALL/PUT NOV 26 CBT 10YR TNOTE W3 THURS OPT,nov26 wk3 thu ty
3/23/2026,11/20/2026 16:00,10-Year T-Note Options,OZNZ6,TYZ6C,TYZ6P,OZNZ6,XCME.OZN.DEC26,ZNZ6,,OZNZ6 C11100,OZNZ6 C011100,XCME.OZN.DEC26.11.C,XCMEOCADPS20261120Z0OZN,XCME.ZN.N.G.20NOV26,CALL/PUT NOV 26 CBT 10YR TNOTE,nov26 wk3 fri ty
10/21/2026,11/24/2026 13:00,10-Year Treasury Note Tuesday Weekly Options - Week 4,GY4X6,TJPX26C4,TJPX26P4,GY4X6,XCME.GY4.24NOV26,ZNH7,,GY4X6 C11100,GY4X6 C011100,XCME.GY4.24NOV26.11.C,XCMEOCADPS20261124X0GY4,XCME.ZN.N.G.24NOV26,CALL/PUT NOV 26 CBT 10YR TNOTE W4 TUES OPT,nov26 wk4 tue ty
10/28/2026,12/1/2026 13:00,10-Year Treasury Note Tuesday Weekly Options - Week 1,GY1Z6,TJPZ26C1,TJPZ26P1,GY1Z6,XCME.GY1.01DEC26,ZNH7,,GY1Z6 C11100,GY1Z6 C011100,XCME.GY1.01DEC26.11.C,XCMEOCADPS20261201Z0GY1,XCME.ZN.N.G.01DEC26,CALL/PUT DEC 26 CBT 10YR TNOTE W1 TUES OPT,dec26 wk1 tue ty
7/27/2026,12/24/2026 16:00,10-Year T-Note Options,OZNF7,TYF6C,TYF6P,OZNF6,XCME.OZN.JAN26,ZNH7,,OZNF7 C11100,OZNF6 C011100,XCME.OZN.JAN26.11.C,XCMEOCADPS20261224F0OZN,XCME.ZN.N.G.24DEC26,CALL/PUT DEC 26 CBT 10YR TNOTE,dec26 wk4 thu ty
9/28/2026,1/22/2027 16:00,10-Year T-Note Options,OZNG7,TYG7C,TYG7P,OZNG7,XCME.OZN.FEB27,ZNH7,,OZNG7 C11100,OZNG7 C011100,XCME.OZN.FEB27.11.C,XCMEOCADPS20270122G0OZN,XCME.ZN.N.G.22JAN27,CALL/PUT JAN 27 CBT 10YR TNOTE,jan27 wk4 fri ty
6/22/2026,2/19/2027 16:00,10-Year T-Note Options,OZNH7,TYH7C,TYH7P,OZNH7,XCME.OZN.MAR27,ZNH7,,OZNH7 C11100,OZNH7 C011100,XCME.OZN.MAR27.11.C,XCMEOCADPS20270219H0OZN,XCME.ZN.N.G.19FEB27,CALL/PUT FEB 27 CBT 10YR TNOTE,feb27 wk3 fri ty
9/22/2026,5/21/2027 17:00,10-Year T-Note Options,OZNM7,TYM7C,TYM7P,OZNM7,XCME.OZN.JUN27,ZNM7,,OZNM7 C11100,OZNM7 C011100,XCME.OZN.JUN27.11.C,XCMEOCADPS20270521M0OZN,XCME.ZN.N.G.21MAY27,CALL/PUT MAY 27 CBT 10YR TNOTE,may27 wk3 fri ty
